artist_name	gender	event_id	date	venue_namevenue_id	city	country
14anger	Male	907385	2017-01-12T00:00			
14anger	Male	915637	2017-02-10T00:00			
14anger	Male	928881	2017-03-03T00:00			
14anger	Male	942179	2017-03-24T00:00			
14anger	Male	942560	2017-04-15T00:00			
14anger	Male	950519	2017-05-12T00:00			
14anger	Male	966602	2017-06-23T00:00			
14anger	Male	991017	2017-08-04T00:00			
14anger	Male	994247	2017-09-24T00:00			
14anger	Male	996991	2017-09-24T00:00			
14anger	Male	1012823	2017-11-04T00:00			
14anger	Male	1030537	2017-12-15T00:00			
14anger	Male	1040982	2017-12-15T00:00			
14anger	Male	1040931	2017-12-16T00:00			
14anger	Male	1040986	2017-12-21T00:00			
14anger	Male	787342	2016-01-23T00:00			
14anger	Male	800128	2016-02-19T00:00			
14anger	Male	809823	2016-02-27T00:00			
14anger	Male	819766	2016-04-15T00:00			
14anger	Male	835642	2016-05-14T00:00			
14anger	Male	829700	2016-05-19T00:00			
14anger	Male	867523	2016-08-11T00:00			
14anger	Male	863530	2016-09-03T00:00			
14anger	Male	887872	2016-10-22T00:00			
14anger	Male	895690	2016-12-01T00:00			
14anger	Male	713555	2015-05-30T00:00			
14anger	Male	734884	2015-07-18T00:00			
14anger	Male	744926	2015-08-20T00:00			
14anger	Male	743830	2015-08-27T00:00			
14anger	Male	740826	2015-08-29T00:00			
14anger	Male	750390	2015-09-17T00:00			
14anger	Male	759130	2015-11-27T00:00			
14anger	Male	363452	2012-07-07T00:00			
1954	Male	1057618	2018-01-26T00:00			
1991	Male	927721	2017-02-04T00:00			
1991	Male	911131	2017-02-11T00:00			
1991	Male	910026	2017-03-08T00:00			
1991	Male	933237	2017-03-25T00:00			
1991	Male	925533	2017-03-31T00:00			
1991	Male	943414	2017-04-13T00:00			
1991	Male	951631	2017-04-29T00:00			
1991	Male	954807	2017-05-06T00:00			
1991	Male	951138	2017-05-12T00:00			
1991	Male	940976	2017-06-03T00:00			
1991	Male	949475	2017-06-09T00:00			
1991	Male	951202	2017-07-08T00:00			
1991	Male	981183	2017-07-22T00:00			
1991	Male	930067	2017-07-29T00:00			
1991	Male	976703	2017-09-01T00:00			
1991	Male	1002590	2017-09-09T00:00			
1991	Male	1007427	2017-09-23T00:00			
1991	Male	1006959	2017-09-29T00:00			
1991	Male	1001565	2017-10-27T00:00			
1991	Male	1006140	2017-11-10T00:00			
1991	Male	993227	2017-11-24T00:00			
1991	Male	789898	2016-01-08T00:00			
1991	Male	823485	2016-04-30T00:00			
1991	Male	829997	2016-04-30T00:00			
1991	Male	839017	2016-06-11T00:00			
1991	Male	838327	2016-06-16T00:00			
1991	Male	841911	2016-09-24T00:00			
1991	Male	867145	2016-10-08T00:00			
1991	Male	865707	2016-10-14T00:00			
1991	Male	748677	2015-09-11T00:00			
1991	Male	535729	2014-01-24T00:00			
1991	Male	550663	2014-02-01T00:00			
1991	Male	558608	2014-02-04T00:00			
1991	Male	547634	2014-02-05T00:00			
1991	Male	548942	2014-02-06T00:00			
1991	Male	628673	2014-09-10T00:00			
1991	Male	662678	2014-12-06T00:00			
1991	Male	486378	2013-06-01T00:00			
1991	Male	498441	2013-07-12T00:00			
1991	Male	495484	2013-07-14T00:00			
1991	Male	489696	2013-08-08T00:00			
28mm	Male	1022505	2017-10-07T00:00			
3.14	Male	909385	2017-01-20T00:00			
3.14	Male	909388	2017-02-10T00:00			
3.14	Male	924687	2017-03-17T00:00			
3.14	Male	938890	2017-04-07T00:00			
3.14	Male	962493	2017-04-28T00:00			
3.14	Male	974713	2017-06-09T00:00			
3.14	Male	983266	2017-06-30T00:00			
3.14	Male	975550	2017-07-07T00:00			
3.14	Male	988991	2017-09-08T00:00			
3.14	Male	1019719	2017-10-26T00:00			
3.14	Male	1025841	2017-10-27T00:00			
3.14	Male	1032546	2017-12-08T00:00			
3.14	Male	1041579	2017-12-23T00:00			
3.14	Male	1045955	2017-12-31T00:00			
3.14	Male	790960	2016-01-16T00:00			
3.14	Male	786770	2016-01-22T00:00			
3.14	Male	792516	2016-02-20T00:00			
3.14	Male	806109	2016-03-04T00:00			
3.14	Male	797988	2016-03-18T00:00			
3.14	Male	805443	2016-04-29T00:00			
3.14	Male	823080	2016-05-12T00:00			
3.14	Male	841411	2016-06-10T00:00			
3.14	Male	863148	2016-07-31T00:00			
3.14	Male	868937	2016-08-27T00:00			
3.14	Male	873604	2016-09-24T00:00			
3.14	Male	871059	2016-10-20T00:00			
3.14	Male	892969	2016-10-22T00:00			
3.14	Male	871389	2016-10-28T00:00			
3.14	Male	666991	2015-01-02T00:00			
3.14	Male	660329	2015-01-14T00:00			
3.14	Male	697520	2015-04-04T00:00			
3.14	Male	704658	2015-04-30T00:00			
3.14	Male	723516	2015-06-26T00:00			
3.14	Male	697523	2015-07-17T00:00			
3.14	Male	741164	2015-09-05T00:00			
3.14	Male	754900	2015-10-01T00:00			
3.14	Male	750048	2015-11-07T00:00			
3.14	Male	750046	2015-11-20T00:00			
3.14	Male	767118	2015-11-28T00:00			
3.14	Male	774552	2015-12-11T00:00			
3.14	Male	571854	2014-02-22T00:00			
3.14	Male	555949	2014-02-28T00:00			
3.14	Male	562675	2014-03-01T00:00			
3.14	Male	577316	2014-04-04T00:00			
3.14	Male	602984	2014-06-15T00:00			
3.14	Male	615883	2014-07-20T00:00			
3.14	Male	611826	2014-07-26T00:00			
3.14	Male	588006	2014-08-09T00:00			
3.14	Male	633182	2014-09-19T00:00			
3.14	Male	644311	2014-10-18T00:00			
3.14	Male	651662	2014-11-16T00:00			
3.14	Male	667739	2014-12-26T00:00			
3.14	Male	446524	2013-03-08T00:00			
3.14	Male	458605	2013-03-15T00:00			
3.14	Male	501152	2013-07-27T00:00			
3.14	Male	540919	2013-11-30T00:00			
3.14	Male	544603	2013-12-06T00:00			
3.14	Male	411896	2012-10-20T00:00			
88uw	Male	912678	2017-01-27T00:00			
88uw	Male	933474	2017-02-25T00:00			
88uw	Male	924805	2017-03-31T00:00			
88uw	Male	1135268	2017-12-02T00:00			
88uw	Male	787468	2016-01-21T00:00			
88uw	Male	834423	2016-05-07T00:00			
88uw	Male	854369	2016-07-14T00:00			
88uw	Male	867006	2016-09-15T00:00			
88uw	Male	716489	2015-06-12T00:00			
88uw	Male	773972	2015-11-13T00:00			
88uw	Male	772443	2015-11-27T00:00			
88uw	Male	542614	2014-01-01T00:00			
88uw	Male	550220	2014-01-29T00:00			
88uw	Male	564772	2014-03-15T00:00			
88uw	Male	564771	2014-03-22T00:00			
88uw	Male	568436	2014-04-12T00:00			
88uw	Male	579529	2014-04-16T00:00			
88uw	Male	583027	2014-04-20T00:00			
88uw	Male	589421	2014-05-03T00:00			
88uw	Male	588427	2014-05-14T00:00			
88uw	Male	605224	2014-06-07T00:00			
88uw	Male	598430	2014-06-18T00:00			
88uw	Male	572518	2014-07-03T00:00			
88uw	Male	611684	2014-07-12T00:00			
88uw	Male	609071	2014-07-16T00:00			
88uw	Male	606320	2014-07-25T00:00			
88uw	Male	617513	2014-08-27T00:00			
88uw	Male	625302	2014-09-17T00:00			
88uw	Male	640560	2014-10-04T00:00			
88uw	Male	635638	2014-10-15T00:00			
88uw	Male	641603	2014-11-08T00:00			
88uw	Male	434204	2013-01-16T00:00			
88uw	Male	440175	2013-01-18T00:00			
88uw	Male	449775	2013-02-20T00:00			
88uw	Male	445503	2013-03-09T00:00			
88uw	Male	453325	2013-03-15T00:00			
88uw	Male	453331	2013-03-20T00:00			
88uw	Male	465505	2013-04-17T00:00			
88uw	Male	477878	2013-05-05T00:00			
88uw	Male	471805	2013-05-15T00:00			
88uw	Male	483184	2013-06-19T00:00			
88uw	Male	497849	2013-07-17T00:00			
88uw	Male	505430	2013-08-02T00:00			
88uw	Male	503803	2013-08-21T00:00			
88uw	Male	503820	2013-08-30T00:00			
88uw	Male	512140	2013-09-18T00:00			
88uw	Male	522811	2013-09-29T00:00			
88uw	Male	521053	2013-10-16T00:00			
88uw	Male	529847	2013-11-08T00:00			
88uw	Male	527309	2013-11-20T00:00			
88uw	Male	535803	2013-12-18T00:00			
88uw	Male	321175	2012-01-04T00:00			
88uw	Male	331209	2012-02-10T00:00			
88uw	Male	347706	2012-04-06T00:00			
88uw	Male	343644	2012-04-27T00:00			
88uw	Male	360110	2012-05-19T00:00			
88uw	Male	370352	2012-05-27T00:00			
88uw	Male	359039	2012-06-01T00:00			
88uw	Male	377577	2012-07-06T00:00			
88uw	Male	414481	2012-11-21T00:00			
88uw	Male	425703	2012-12-19T00:00			
88uw	Male	414389	2012-12-31T00:00			
88uw	Male	220371	2011-01-10T00:00			
88uw	Male	228465	2011-02-07T00:00			
88uw	Male	248492	2011-04-11T00:00			
88uw	Male	264217	2011-05-06T00:00			
88uw	Male	250732	2011-05-07T00:00			
88uw	Male	256038	2011-05-09T00:00			
88uw	Male	261599	2011-05-28T00:00			
88uw	Male	262208	2011-06-04T00:00			
88uw	Male	262212	2011-06-05T00:00			
88uw	Male	265502	2011-06-06T00:00			
88uw	Male	317111	2011-12-16T00:00			
88uw	Male	153293	2010-03-20T00:00			
88uw	Male	177794	2010-08-21T00:00			
a-bee	Male	956995	2017-04-07T00:00			
a-bee	Male	1014012	2017-10-20T00:00			
a-bee	Male	787363	2016-01-16T00:00			
a-bee	Male	811783	2016-03-11T00:00			
a-bee	Male	590103	2014-04-26T00:00			
a-bee	Male	446302	2013-02-15T00:00			
a-bee	Male	453525	2013-03-22T00:00			
a-bee	Male	484018	2013-06-08T00:00			
a-bee	Male	533821	2013-11-22T00:00			
a-bee	Male	378509	2012-06-22T00:00			
a-bee	Male	181744	2010-03-26T00:00			
a-bee	Male	181728	2010-08-20T00:00			
a-bee	Male	211562	2010-12-12T00:00			
a-bee	Male	213721	2010-12-31T00:00			
a-bee	Male	109171	2009-07-30T00:00			
0comeups	Male	1028926	2017-12-07T00:00			
0comeups	Male	1012740	2017-09-23T00:00			
0comeups	Male	967026	2017-05-19T00:00			
0comeups	Male	823224	2016-04-08T00:00			
4004	Male	583259	2014-04-05T00:00			
4004	Male	506728	2013-08-30T00:00			
4004	Male	379950	2012-07-07T00:00			
4004	Male	379978	2012-07-07T00:00			
@lex	Male	799081	2016-02-06T00:00			
@lex	Male	861250	2016-07-22T00:00			
@lex	Male	867799	2016-09-15T00:00			
@lex	Male	905205	2016-11-26T00:00			
@lex	Male	922394	2016-12-29T00:00			
@lex	Male	695917	2015-04-18T00:00			
@lex	Male	741687	2015-08-08T00:00			
@lex	Male	622222	2014-08-02T00:00			
@lex	Male	1031898	2011-07-22T00:00			
214	Male	922056	2017-02-11T00:00			
214	Male	974307	2017-05-28T00:00			
214	Male	979742	2017-07-09T00:00			
214	Male	1002815	2017-10-07T00:00			
214	Male	1024624	2017-11-11T00:00			
214	Male	834277	2016-06-18T00:00			
214	Male	846679	2016-07-29T00:00			
214	Male	872493	2016-09-24T00:00			
214	Male	727877	2015-07-17T00:00			
214	Male	742748	2015-09-18T00:00			
214	Male	746914	2015-09-25T00:00			
214	Male	766646	2015-11-27T00:00			
214	Male	765861	2015-12-19T00:00			
214	Male	552768	2014-01-11T00:00			
214	Male	550382	2014-01-12T00:00			
214	Male	631169	2014-09-04T00:00			
214	Male	438348	2013-01-16T00:00			
214	Male	442779	2013-01-19T00:00			
214	Male	474686	2013-09-12T00:00			
214	Male	319354	2012-01-07T00:00			
214	Male	361845	2012-02-11T00:00			
214	Male	336206	2012-02-17T00:00			
214	Male	329985	2012-03-09T00:00			
214	Male	369742	2012-05-25T00:00			
214	Male	402235	2012-09-30T00:00			
214	Male	417028	2012-11-03T00:00			
214	Male	214659	2011-01-05T00:00			
214	Male	318285	2011-01-07T00:00			
214	Male	225772	2011-02-12T00:00			
214	Male	231994	2011-02-25T00:00			
214	Male	238323	2011-03-18T00:00			
214	Male	247182	2011-04-08T00:00			
214	Male	253053	2011-05-04T00:00			
214	Male	271287	2011-09-28T00:00			
214	Male	306343	2011-11-04T00:00			
214	Male	139054	2010-02-12T00:00			
214	Male	186557	2010-09-23T00:00			
214	Male	103817	2009-07-11T00:00			
214	Male	109058	2009-08-14T00:00			
214	Male	114502	2009-09-26T00:00			
214	Male	130931	2009-11-28T00:00			
214	Male	52159	2008-05-30T00:00			
214	Male	5457	2005-02-11T00:00			
214	Male	3468	2004-03-10T00:00			
4bel	Male	694487	2015-06-20T00:00			
4bel	Male	738369	2015-07-25T00:00			
4bel	Male	728472	2015-08-01T00:00			
4bel	Male	728474	2015-09-10T00:00			
4bel	Male	586267	2014-07-12T00:00			
4bel	Male	643835	2014-10-27T00:00			
4bel	Male	583967	2012-11-22T00:00			
6884	Male	943397	2017-05-13T00:00			
747	Male	794867	2016-01-02T00:00			
99letters	Male	980164	2017-07-07T00:00			
99letters	Male	806121	2016-03-11T00:00			
99letters	Male	832891	2016-05-20T00:00			
99letters	Male	899473	2016-12-02T00:00			
99letters	Male	700213	2015-05-15T00:00			
99letters	Male	765438	2015-11-13T00:00			
99letters	Male	496825	2013-06-13T00:00			
99letters	Male	468885	2012-05-01T00:00			
99letters	Male	468889	2012-06-15T00:00			
99letters	Male	468888	2012-06-29T00:00			
99letters	Male	468892	2012-07-09T00:00			
99letters	Male	468894	2012-08-17T00:00			
99letters	Male	468471	2012-09-06T00:00			
99letters	Male	468896	2012-11-11T00:00			
99letters	Male	468895	2012-11-12T00:00			
99letters	Male	468900	2011-01-15T00:00			
99letters	Male	268751	2011-07-24T00:00			
[a]pendics.shuffle	Male	881428	2016-10-08T00:00			
[a]pendics.shuffle	Male	630581	2014-10-19T00:00			
[a]pendics.shuffle	Male	463253	2013-03-23T00:00			
[a]pendics.shuffle	Male	478168	2013-07-12T00:00			
[a]pendics.shuffle	Male	501480	2013-07-25T00:00			
[a]pendics.shuffle	Male	364068	2012-05-18T00:00			
[a]pendics.shuffle	Male	359526	2012-06-21T00:00			
[a]pendics.shuffle	Male	397389	2012-10-05T00:00			
[a]pendics.shuffle	Male	412457	2012-10-28T00:00			
[a]pendics.shuffle	Male	237603	2011-03-05T00:00			
[a]pendics.shuffle	Male	236859	2011-03-18T00:00			
[a]pendics.shuffle	Male	240892	2011-04-01T00:00			
[a]pendics.shuffle	Male	252013	2011-04-29T00:00			
[a]pendics.shuffle	Male	266931	2011-06-08T00:00			
[a]pendics.shuffle	Male	263829	2011-06-18T00:00			
[a]pendics.shuffle	Male	270459	2011-07-02T00:00			
[a]pendics.shuffle	Male	264068	2011-07-16T00:00			
[a]pendics.shuffle	Male	271062	2011-07-23T00:00			
[a]pendics.shuffle	Male	287429	2011-09-23T00:00			
[a]pendics.shuffle	Male	302515	2011-11-04T00:00			
[a]pendics.shuffle	Male	312106	2011-12-10T00:00			
[a]pendics.shuffle	Male	137165	2010-01-15T00:00			
[a]pendics.shuffle	Male	136778	2010-01-22T00:00			
[a]pendics.shuffle	Male	149468	2010-02-26T00:00			
[a]pendics.shuffle	Male	141650	2010-03-25T00:00			
[a]pendics.shuffle	Male	165754	2010-05-21T00:00			
[a]pendics.shuffle	Male	165835	2010-06-05T00:00			
[a]pendics.shuffle	Male	176142	2010-07-08T00:00			
[a]pendics.shuffle	Male	173148	2010-07-10T00:00			
[a]pendics.shuffle	Male	180501	2010-08-08T00:00			
[a]pendics.shuffle	Male	193210	2010-10-08T00:00			
[a]pendics.shuffle	Male	210121	2010-10-30T00:00			
[a]pendics.shuffle	Male	80118	2009-01-14T00:00			
[a]pendics.shuffle	Male	80540	2009-01-16T00:00			
[a]pendics.shuffle	Male	80899	2009-01-17T00:00			
[a]pendics.shuffle	Male	81633	2009-01-23T00:00			
[a]pendics.shuffle	Male	84284	2009-02-15T00:00			
[a]pendics.shuffle	Male	87560	2009-03-14T00:00			
[a]pendics.shuffle	Male	88801	2009-03-15T00:00			
[a]pendics.shuffle	Male	83403	2009-03-26T00:00			
[a]pendics.shuffle	Male	93625	2009-05-01T00:00			
[a]pendics.shuffle	Male	96510	2009-05-08T00:00			
[a]pendics.shuffle	Male	98686	2009-05-16T00:00			
[a]pendics.shuffle	Male	100677	2009-05-29T00:00			
[a]pendics.shuffle	Male	105076	2009-06-25T00:00			
[a]pendics.shuffle	Male	110590	2009-07-30T00:00			
[a]pendics.shuffle	Male	113538	2009-08-29T00:00			
[a]pendics.shuffle	Male	107656	2009-09-19T00:00			
[a]pendics.shuffle	Male	105903	2009-09-24T00:00			
[a]pendics.shuffle	Male	114491	2009-09-25T00:00			
[a]pendics.shuffle	Male	120806	2009-10-10T00:00			
[a]pendics.shuffle	Male	122674	2009-10-30T00:00			
[a]pendics.shuffle	Male	126380	2009-11-12T00:00			
[a]pendics.shuffle	Male	125265	2009-11-26T00:00			
[a]pendics.shuffle	Male	123550	2009-11-28T00:00			
[a]pendics.shuffle	Male	40575	2008-01-19T00:00			
[a]pendics.shuffle	Male	42685	2008-02-23T00:00			
[a]pendics.shuffle	Male	45672	2008-03-15T00:00			
[a]pendics.shuffle	Male	45608	2008-03-21T00:00			
[a]pendics.shuffle	Male	45368	2008-03-27T00:00			
[a]pendics.shuffle	Male	49687	2008-04-20T00:00			
[a]pendics.shuffle	Male	49596	2008-04-25T00:00			
[a]pendics.shuffle	Male	49712	2008-04-26T00:00			
[a]pendics.shuffle	Male	52372	2008-05-24T00:00			
[a]pendics.shuffle	Male	56293	2008-06-21T00:00			
[a]pendics.shuffle	Male	63234	2008-08-29T00:00			
[a]pendics.shuffle	Male	55727	2008-09-25T00:00			
[a]pendics.shuffle	Male	62438	2008-09-25T00:00			
[a]pendics.shuffle	Male	73542	2008-11-29T00:00			
[a]pendics.shuffle	Male	76062	2008-12-06T00:00			
[a]pendics.shuffle	Male	75139	2008-12-31T00:00			
[a]pendics.shuffle	Male	20696	2007-03-17T00:00			
[a]pendics.shuffle	Male	23757	2007-05-11T00:00			
[a]pendics.shuffle	Male	24519	2007-05-26T00:00			
[a]pendics.shuffle	Male	31374	2007-09-22T00:00			
[a]pendics.shuffle	Male	33917	2007-11-05T00:00			
[a]pendics.shuffle	Male	15177	2006-09-14T00:00			
[a]pendics.shuffle	Male	17118	2006-11-02T00:00			
[a]pendics.shuffle	Male	17273	2006-11-11T00:00			
[a]pendics.shuffle	Male	16699	2006-11-18T00:00			
[a]pendics.shuffle	Male	17869	2006-12-02T00:00			
[a]pendics.shuffle	Male	18377	2006-12-20T00:00			
are:age	Male	916345	2017-01-20T00:00			
are:age	Male	995724	2017-08-05T00:00			
are:age	Male	1034651	2017-12-08T00:00			
are:age	Male	796724	2016-02-06T00:00			
are:age	Male	820683	2016-04-09T00:00			
are:age	Male	854477	2016-07-09T00:00			
are:age	Male	872797	2016-09-09T00:00			
are:age	Male	885035	2016-10-08T00:00			
are:age	Male	906418	2016-11-09T00:00			
are:age	Male	692562	2015-03-14T00:00			
are:age	Male	699606	2015-04-04T00:00			
are:age	Male	709121	2015-05-09T00:00			
are:age	Male	686556	2015-05-16T00:00			
are:age	Male	730616	2015-07-17T00:00			
are:age	Male	720597	2015-07-18T00:00			
are:age	Male	758526	2015-10-23T00:00			
are:age	Male	767020	2015-11-14T00:00			
are:age	Male	778879	2015-12-04T00:00			
are:age	Male	554263	2014-01-18T00:00			
are:age	Male	679090	2014-01-29T00:00			
are:age	Male	572504	2014-03-08T00:00			
are:age	Male	600575	2014-06-14T00:00			
are:age	Male	637354	2014-10-11T00:00			
are:age	Male	650454	2014-11-01T00:00			
are:age	Male	655341	2014-12-06T00:00			
are:age	Male	437731	2013-01-18T00:00			
are:age	Male	447299	2013-02-16T00:00			
are:age	Male	461323	2013-03-16T00:00			
are:age	Male	455768	2013-03-30T00:00			
are:age	Male	478676	2013-05-11T00:00			
are:age	Male	496147	2013-07-06T00:00			
are:age	Male	504394	2013-08-03T00:00			
are:age	Male	516851	2013-09-06T00:00			
are:age	Male	523329	2013-10-04T00:00			
are:age	Male	522773	2013-10-25T00:00			
are:age	Male	540239	2013-12-07T00:00			
are:age	Male	543038	2013-12-21T00:00			
are:age	Male	327648	2012-02-04T00:00			
are:age	Male	358915	2012-04-28T00:00			
are:age	Male	370990	2012-06-09T00:00			
are:age	Male	375924	2012-06-15T00:00			
are:age	Male	428050	2012-12-08T00:00			
are:age	Male	295093	2011-10-01T00:00			
are:age	Male	311397	2011-12-03T00:00			
are:age	Male	161514	2010-05-14T00:00			
are:age	Male	188622	2010-09-04T00:00			
are:age	Male	194541	2010-10-29T00:00			
are:age	Male	211747	2010-12-04T00:00			
are:age	Male	219365	2010-12-30T00:00			
arias	Male	213105	2010-12-10T00:00			
arias	Male	81691	2009-01-30T00:00			
arias	Male	87858	2009-03-07T00:00			
arias	Male	87023	2009-03-14T00:00			
arias	Male	88944	2009-03-20T00:00			
arias	Male	88174	2009-03-25T00:00			
arias	Male	88175	2009-03-27T00:00			
arias	Male	106210	2009-07-31T00:00			
arias	Male	47647	2008-04-04T00:00			
arias	Male	48487	2008-04-18T00:00			
arias	Male	55379	2008-06-06T00:00			
arias	Male	71055	2008-11-01T00:00			
arias	Male	36133	2007-11-09T00:00			
astvaldur	Male	942042	2017-03-16T00:00			
astvaldur	Male	1004037	2017-09-23T00:00			
astvaldur	Male	1048570	2017-12-31T00:00			
astvaldur	Male	874634	2016-09-17T00:00			
arpxp	Male	978248	2017-06-10T00:00			
arpxp	Male	983134	2017-07-06T00:00			
arpxp	Male	993998	2017-07-21T00:00			
arpxp	Male	811154	2016-03-27T00:00			
arpxp	Male	815801	2016-04-15T00:00			
arpxp	Male	841723	2016-07-01T00:00			
arpxp	Male	621383	2014-08-02T00:00			
arpxp	Male	451449	2013-03-07T00:00			
arpxp	Male	522759	2013-10-12T00:00			
arpxp	Male	530933	2013-11-16T00:00			
arpxp	Male	331245	2012-02-11T00:00			
arpxp	Male	331274	2012-02-25T00:00			
arpxp	Male	324475	2012-06-26T00:00			
arpxp	Male	364815	2012-06-27T00:00			
arpxp	Male	386920	2012-07-26T00:00			
arpxp	Male	386886	2012-07-26T00:00			
arpxp	Male	245089	2011-06-23T00:00			
arpxp	Male	245119	2011-06-24T00:00			
arpxp	Male	309878	2011-11-12T00:00			
arpxp	Male	159338	2010-06-08T00:00			
arpxp	Male	163455	2010-06-08T00:00			
arpxp	Male	78076	2009-01-09T00:00			
arpxp	Male	89727	2009-04-25T00:00			
bvdub	Male	937987	2017-02-18T00:00			
bvdub	Male	977631	2017-06-23T00:00			
bvdub	Male	1001046	2017-11-23T00:00			
bvdub	Male	1033530	2017-12-08T00:00			
bvdub	Male	786962	2016-01-28T00:00			
bvdub	Male	707086	2015-05-02T00:00			
bvdub	Male	551702	2014-01-23T00:00			
bvdub	Male	625716	2014-09-19T00:00			
bvdub	Male	438945	2013-02-14T00:00			
bvdub	Male	444384	2013-02-16T00:00			
bvdub	Male	500014	2013-09-21T00:00			
bvdub	Male	373114	2012-09-26T00:00			
bvdub	Male	395589	2012-09-26T00:00			
bvdub	Male	142171	2010-02-07T00:00			
bvdub	Male	169333	2010-06-05T00:00			
bvdub	Male	86139	2009-03-07T00:00			
bu go	Male	937883	2017-03-03T00:00			
bu go	Male	965947	2017-05-19T00:00			
bu go	Male	945719	2017-05-26T00:00			
bu go	Male	970830	2017-06-10T00:00			
bu go	Male	979644	2017-06-24T00:00			
bu go	Male	846612	2016-07-09T00:00			
buraq	Male	938237	2017-03-10T00:00			
buraq	Male	1028048	2017-11-17T00:00			
buraq	Male	788571	2016-01-09T00:00			
buraq	Male	797158	2016-02-27T00:00			
buraq	Male	813252	2016-03-18T00:00			
buraq	Male	834073	2016-05-07T00:00			
buraq	Male	872788	2016-09-03T00:00			
buraq	Male	711860	2015-05-09T00:00			
buraq	Male	761447	2015-10-31T00:00			
buraq	Male	558908	2014-02-15T00:00			
buraq	Male	559109	2014-03-01T00:00			
buraq	Male	593972	2014-05-16T00:00			
buraq	Male	439279	2013-01-19T00:00			
buraq	Male	439005	2013-02-07T00:00			
buraq	Male	483412	2013-06-01T00:00			
buraq	Male	506754	2013-09-20T00:00			
buraq	Male	344807	2012-03-09T00:00			
buraq	Male	371773	2012-05-25T00:00			
buraq	Male	372539	2012-06-02T00:00			
buraq	Male	370040	2012-06-08T00:00			
buraq	Male	398051	2012-09-07T00:00			
buraq	Male	403265	2012-09-29T00:00			
buraq	Male	428733	2012-12-01T00:00			
buraq	Male	426065	2012-12-08T00:00			
buraq	Male	260639	2011-05-28T00:00			
buraq	Male	277493	2011-07-29T00:00			
buraq	Male	312090	2011-11-25T00:00			
buraq	Male	175973	2010-08-28T00:00			
buraq	Male	131416	2009-06-06T00:00			
ceo	Male	586038	2014-05-09T00:00			
cerveau	Male	1122820	2018-06-22T00:00			
cerveau	Male	1003317	2017-09-21T00:00			
cerveau	Male	987455	2017-07-21T00:00			
ex-terrestrial	Male	1025144	2017-10-27T00:00			
ex-terrestrial	Male	1030124	2017-11-10T00:00			
ex-terrestrial	Male	1038050	2017-11-19T00:00			
ex-terrestrial	Male	1032314	2017-11-24T00:00			
ex-terrestrial	Male	874126	2016-09-17T00:00			
gianluca viscovo	Male	964693	2017-05-07T00:00			
gianluca viscovo	Male	840541	2016-05-22T00:00			
gianluca viscovo	Male	861154	2016-07-24T00:00			
gianluca viscovo	Male	898740	2016-11-04T00:00			
gianluca viscovo	Male	240998	2011-03-19T00:00			
gianluca viscovo	Male	321925	2011-12-25T00:00			
gianluca viscovo	Male	199325	2010-10-23T00:00			
hidetaka	Male	865156	2016-09-10T00:00			
hidetaka	Male	477789	2013-05-04T00:00			
hidetaka	Male	488618	2013-06-29T00:00			
hidetaka	Male	511141	2013-08-24T00:00			
hidetaka	Male	521380	2013-10-05T00:00			
hidetaka	Male	547059	2013-12-31T00:00			
hidetaka	Male	332963	2012-02-26T00:00			
hidetaka	Male	362468	2012-05-13T00:00			
hidetaka	Male	368765	2012-06-10T00:00			
hidetaka	Male	397342	2012-09-08T00:00			
hidetaka	Male	218673	2011-01-08T00:00			
hidetaka	Male	218183	2011-02-10T00:00			
hidetaka	Male	287887	2011-09-25T00:00			
hidetaka	Male	298034	2011-10-09T00:00			
hidetaka	Male	305709	2011-12-11T00:00			
hidetaka	Male	299708	2011-12-18T00:00			
hidetaka	Male	147465	2010-03-05T00:00			
hidetaka	Male	147477	2010-04-03T00:00			
hidetaka	Male	199361	2010-10-15T00:00			
hidetaka	Male	203738	2010-11-27T00:00			
hidetaka	Male	218649	2010-12-27T00:00			
hidetaka	Male	129151	2009-12-19T00:00			
hidetaka	Male	129155	2009-12-30T00:00			
hidetaka	Male	134456	2009-12-31T00:00			
kane michael	Male	962541	2017-05-03T00:00			
kane michael	Male	993593	2017-08-19T00:00			
kane michael	Male	828741	2016-05-07T00:00			
kane michael	Male	692823	2015-04-18T00:00			
kane michael	Male	736922	2015-08-15T00:00			
kane michael	Male	761162	2015-11-14T00:00			
kane michael	Male	665115	2014-12-12T00:00			
ipcress	Male	967862	2017-06-22T00:00			
ipcress	Male	981793	2017-08-03T00:00			
ipcress	Male	1012609	2017-09-30T00:00			
ipcress	Male	832037	2016-05-21T00:00			
ipcress	Male	891900	2016-10-28T00:00			
ipcress	Male	658758	2015-04-08T00:00			
ipcress	Male	745889	2015-09-26T00:00			
ipcress	Male	556126	2014-01-31T00:00			
ipcress	Male	550857	2014-02-07T00:00			
ipcress	Male	605331	2014-06-27T00:00			
ipcress	Male	654821	2014-11-29T00:00			
ipcress	Male	436124	2013-02-20T00:00			
ipcress	Male	459932	2013-04-03T00:00			
ipcress	Male	505436	2013-08-01T00:00			
ipcress	Male	514400	2013-09-20T00:00			
ipcress	Male	334758	2012-02-11T00:00			
ipcress	Male	343406	2012-03-31T00:00			
ipcress	Male	344154	2012-04-06T00:00			
ipcress	Male	363583	2012-06-01T00:00			
ipcress	Male	365931	2012-06-01T00:00			
ipcress	Male	733861	2012-07-05T00:00			
ipcress	Male	393988	2012-09-15T00:00			
ipcress	Male	429496	2012-12-07T00:00			
ipcress	Male	424396	2012-12-26T00:00			
ipcress	Male	433355	2012-12-26T00:00			
ipcress	Male	425125	2012-12-26T00:00			
ipcress	Male	431770	2012-12-31T00:00			
ipcress	Male	243535	2011-04-09T00:00			
ipcress	Male	259237	2011-07-08T00:00			
ipcress	Male	278879	2011-09-10T00:00			
ipcress	Male	293897	2011-10-01T00:00			
ipcress	Male	306004	2011-11-11T00:00			
ipcress	Male	298768	2011-12-02T00:00			
ipcress	Male	315743	2011-12-23T00:00			
ipcress	Male	317681	2011-12-23T00:00			
ipcress	Male	215043	2010-02-18T00:00			
ipcress	Male	152047	2010-04-10T00:00			
ipcress	Male	185895	2010-09-24T00:00			
ipcress	Male	190284	2010-09-25T00:00			
ipcress	Male	213336	2010-12-03T00:00			
ipcress	Male	85377	2009-04-04T00:00			
irie electric	Male	739791	2015-08-21T00:00			
irie electric	Male	424485	2013-02-05T00:00			
irie electric	Male	459422	2013-03-08T00:00			
irie electric	Male	332954	2012-01-27T00:00			
irie electric	Male	211960	2011-01-01T00:00			
irie electric	Male	234792	2011-04-01T00:00			
irie electric	Male	254796	2011-05-14T00:00			
irie electric	Male	257505	2011-06-01T00:00			
irie electric	Male	259356	2011-06-21T00:00			
irie electric	Male	270985	2011-07-29T00:00			
irie electric	Male	282268	2011-09-30T00:00			
irie electric	Male	271646	2011-11-01T00:00			
irie electric	Male	307822	2011-11-11T00:00			
irie electric	Male	282333	2011-11-19T00:00			
irie electric	Male	300577	2011-11-22T00:00			
irie electric	Male	308910	2011-12-31T00:00			
irie electric	Male	130567	2010-01-09T00:00			
irie electric	Male	140172	2010-01-15T00:00			
irie electric	Male	145027	2010-02-20T00:00			
irie electric	Male	140801	2010-02-27T00:00			
irie electric	Male	142555	2010-03-13T00:00			
irie electric	Male	147009	2010-03-27T00:00			
irie electric	Male	153297	2010-04-16T00:00			
irie electric	Male	152742	2010-04-30T00:00			
irie electric	Male	165537	2010-05-18T00:00			
irie electric	Male	172262	2010-06-10T00:00			
irie electric	Male	172574	2010-06-12T00:00			
irie electric	Male	171974	2010-06-15T00:00			
irie electric	Male	186016	2010-09-01T00:00			
irie electric	Male	187762	2010-09-14T00:00			
irie electric	Male	193412	2010-10-12T00:00			
irie electric	Male	200693	2010-11-06T00:00			
irie electric	Male	199074	2010-11-27T00:00			
irie electric	Male	205810	2010-12-04T00:00			
irie electric	Male	209366	2010-12-18T00:00			
irie electric	Male	79023	2009-01-16T00:00			
irie electric	Male	85232	2009-03-11T00:00			
irie electric	Male	96005	2009-05-16T00:00			
irie electric	Male	104215	2009-07-22T00:00			
irie electric	Male	110292	2009-07-25T00:00			
irie electric	Male	107914	2009-07-25T00:00			
irie electric	Male	115110	2009-07-27T00:00			
irie electric	Male	109490	2009-08-07T00:00			
irie electric	Male	111452	2009-08-08T00:00			
irie electric	Male	117726	2009-09-25T00:00			
irie electric	Male	113388	2009-09-25T00:00			
irie electric	Male	119196	2009-10-02T00:00			
irie electric	Male	117947	2009-10-03T00:00			
irie electric	Male	117274	2009-10-17T00:00			
irie electric	Male	122542	2009-11-11T00:00			
irie electric	Male	128064	2009-11-14T00:00			
irie electric	Male	124692	2009-11-28T00:00			
irie electric	Male	120456	2009-12-18T00:00			
irie electric	Male	129949	2009-12-20T00:00			
irie electric	Male	133755	2009-12-26T00:00			
irie electric	Male	38604	2008-01-18T00:00			
irie electric	Male	50132	2008-04-18T00:00			
irie electric	Male	51979	2008-05-10T00:00			
irie electric	Male	57622	2008-07-09T00:00			
irie electric	Male	59646	2008-07-18T00:00			
irie electric	Male	67462	2008-10-24T00:00			
irie electric	Male	73466	2008-12-05T00:00			
irie electric	Male	76213	2008-12-27T00:00			
irie electric	Male	24988	2007-06-02T00:00			
irie electric	Male	27147	2007-07-25T00:00			
irie electric	Male	28916	2007-08-22T00:00			
irie electric	Male	30869	2007-09-26T00:00			
irie electric	Male	14624	2006-07-14T00:00			
kr:pt	Male	916298	2017-02-18T00:00			
kr:pt	Male	957302	2017-04-22T00:00			
kr:pt	Male	957983	2017-05-06T00:00			
kr:pt	Male	974762	2017-06-17T00:00			
kr:pt	Male	966625	2017-06-23T00:00			
kr:pt	Male	986622	2017-07-01T00:00			
kr:pt	Male	982822	2017-08-18T00:00			
kr:pt	Male	995429	2017-09-02T00:00			
kr:pt	Male	1018048	2017-11-18T00:00			
kr:pt	Male	1048571	2017-12-23T00:00			
kr:pt	Male	860425	2016-08-13T00:00			
kr:pt	Male	873621	2016-09-17T00:00			
kr:pt	Male	881451	2016-10-28T00:00			
kr:pt	Male	683262	2015-03-18T00:00			
kr:pt	Male	662478	2014-12-25T00:00			
krewcial	Male	847145	2016-07-17T00:00			
krewcial	Male	538290	2013-11-16T00:00			
krewcial	Male	15858	2006-10-20T00:00			
krewcial	Male	50852	2004-07-15T00:00			
krewcial	Male	50851	2003-07-10T00:00			
krewcial	Male	39412	2001-07-05T00:00			
kstro	Male	496319	2013-06-29T00:00			
lego	Male	926985	2017-02-24T00:00			
lego	Male	946201	2017-03-17T00:00			
lego	Male	946420	2017-03-25T00:00			
lego	Male	962067	2017-04-22T00:00			
lego	Male	971289	2017-05-19T00:00			
lego	Male	891235	2017-08-10T00:00			
lego	Male	1021385	2017-10-14T00:00			
lego	Male	1029348	2017-10-28T00:00			
lego	Male	1026351	2017-11-11T00:00			
lego	Male	1037434	2017-12-01T00:00			
lego	Male	1047010	2017-12-09T00:00			
lego	Male	1050250	2017-12-31T00:00			
lego	Male	890130	2016-10-29T00:00			
lego	Male	684811	2015-03-07T00:00			
lego	Male	686152	2015-04-11T00:00			
lego	Male	720970	2015-06-13T00:00			
lego	Male	727631	2015-07-18T00:00			
lego	Male	708446	2015-08-21T00:00			
lego	Male	763412	2015-11-27T00:00			
lego	Male	777313	2015-11-28T00:00			
jozif	Male	907682	2017-03-31T00:00			
jozif	Male	956362	2017-04-15T00:00			
jozif	Male	954073	2017-04-22T00:00			
jozif	Male	964454	2017-05-07T00:00			
jozif	Male	970115	2017-05-27T00:00			
jozif	Male	982048	2017-07-07T00:00			
jozif	Male	977609	2017-07-08T00:00			
jozif	Male	991437	2017-07-28T00:00			
jozif	Male	985150	2017-07-29T00:00			
jozif	Male	1003396	2017-08-26T00:00			
jozif	Male	1013184	2017-09-15T00:00			
jozif	Male	1015265	2017-10-21T00:00			
jozif	Male	1026729	2017-10-31T00:00			
jozif	Male	1032570	2017-11-18T00:00			
jozif	Male	1041032	2017-12-08T00:00			
jozif	Male	1041986	2017-12-10T00:00			
jozif	Male	1038289	2017-12-17T00:00			
jozif	Male	795164	2016-01-21T00:00			
jozif	Male	792632	2016-02-19T00:00			
jozif	Male	796900	2016-02-20T00:00			
jozif	Male	800638	2016-02-21T00:00			
jozif	Male	802041	2016-02-26T00:00			
jozif	Male	804736	2016-02-26T00:00			
jozif	Male	798029	2016-02-27T00:00			
jozif	Male	808457	2016-03-05T00:00			
jozif	Male	813805	2016-03-15T00:00			
jozif	Male	802163	2016-03-17T00:00			
jozif	Male	813411	2016-03-20T00:00			
jozif	Male	807708	2016-03-30T00:00			
jozif	Male	808187	2016-03-30T00:00			
jozif	Male	815008	2016-04-01T00:00			
jozif	Male	810046	2016-04-23T00:00			
jozif	Male	849798	2016-06-24T00:00			
jozif	Male	842306	2016-06-26T00:00			
jozif	Male	853329	2016-06-26T00:00			
jozif	Male	741101	2016-06-29T00:00			
jozif	Male	846992	2016-07-15T00:00			
jozif	Male	861094	2016-07-22T00:00			
jozif	Male	871989	2016-08-26T00:00			
jozif	Male	868587	2016-09-18T00:00			
jozif	Male	849719	2016-10-21T00:00			
jozif	Male	903103	2016-12-02T00:00			
jozif	Male	892455	2016-12-09T00:00			
jozif	Male	917691	2016-12-29T00:00			
jozif	Male	903113	2016-12-31T00:00			
jozif	Male	645587	2015-01-01T00:00			
jozif	Male	665549	2015-01-11T00:00			
jozif	Male	666078	2015-01-12T00:00			
jozif	Male	671524	2015-01-23T00:00			
jozif	Male	677324	2015-02-06T00:00			
jozif	Male	674502	2015-02-07T00:00			
jozif	Male	687327	2015-02-20T00:00			
jozif	Male	669572	2015-03-23T00:00			
jozif	Male	700115	2015-04-02T00:00			
jozif	Male	661257	2015-04-05T00:00			
jozif	Male	706336	2015-04-18T00:00			
jozif	Male	711364	2015-05-02T00:00			
jozif	Male	694549	2015-05-22T00:00			
jozif	Male	705289	2015-06-18T00:00			
jozif	Male	711679	2015-06-19T00:00			
jozif	Male	717109	2015-06-27T00:00			
jozif	Male	729501	2015-07-10T00:00			
jozif	Male	694820	2015-07-11T00:00			
jozif	Male	726347	2015-08-08T00:00			
jozif	Male	753844	2015-09-10T00:00			
jozif	Male	745535	2015-09-12T00:00			
jozif	Male	745676	2015-10-17T00:00			
jozif	Male	769321	2015-11-01T00:00			
jozif	Male	763007	2015-11-05T00:00			
jozif	Male	761082	2015-11-15T00:00			
jozif	Male	774777	2015-12-12T00:00			
jozif	Male	787123	2015-12-13T00:00			
jozif	Male	785460	2015-12-31T00:00			
jozif	Male	550257	2014-01-03T00:00			
jozif	Male	549075	2014-01-06T00:00			
jozif	Male	549146	2014-01-16T00:00			
jozif	Male	552440	2014-01-18T00:00			
jozif	Male	542244	2014-02-01T00:00			
jozif	Male	542279	2014-03-01T00:00			
jozif	Male	542284	2014-03-06T00:00			
jozif	Male	571338	2014-03-08T00:00			
jozif	Male	574554	2014-03-20T00:00			
jozif	Male	580252	2014-03-21T00:00			
jozif	Male	577002	2014-03-22T00:00			
jozif	Male	559050	2014-03-26T00:00			
jozif	Male	569816	2014-03-27T00:00			
jozif	Male	575099	2014-03-29T00:00			
jozif	Male	572281	2014-03-30T00:00			
jozif	Male	577982	2014-04-04T00:00			
jozif	Male	584135	2014-04-06T00:00			
jozif	Male	585501	2014-04-11T00:00			
jozif	Male	562056	2014-04-19T00:00			
jozif	Male	586982	2014-04-20T00:00			
jozif	Male	564461	2014-04-25T00:00			
jozif	Male	590651	2014-04-26T00:00			
jozif	Male	587515	2014-05-02T00:00			
jozif	Male	588723	2014-05-04T00:00			
jozif	Male	595729	2014-05-09T00:00			
jozif	Male	588599	2014-05-16T00:00			
jozif	Male	579430	2014-05-18T00:00			
jozif	Male	577865	2014-05-24T00:00			
jozif	Male	586782	2014-05-31T00:00			
jozif	Male	599878	2014-06-01T00:00			
jozif	Male	576488	2014-06-05T00:00			
jozif	Male	591304	2014-06-11T00:00			
jozif	Male	605665	2014-06-11T00:00			
jozif	Male	600721	2014-06-12T00:00			
jozif	Male	577425	2014-06-13T00:00			
jozif	Male	606280	2014-06-13T00:00			
jozif	Male	606659	2014-06-14T00:00			
jozif	Male	588291	2014-07-01T00:00			
jozif	Male	613480	2014-07-11T00:00			
jozif	Male	625541	2014-08-09T00:00			
jozif	Male	616081	2014-08-16T00:00			
jozif	Male	628255	2014-08-25T00:00			
jozif	Male	632442	2014-09-05T00:00			
jozif	Male	626891	2014-09-06T00:00			
jozif	Male	623160	2014-09-08T00:00			
jozif	Male	619878	2014-09-12T00:00			
jozif	Male	635044	2014-09-14T00:00			
jozif	Male	632623	2014-09-20T00:00			
jozif	Male	624741	2014-09-26T00:00			
jozif	Male	637075	2014-10-11T00:00			
jozif	Male	633318	2014-10-26T00:00			
jozif	Male	639151	2014-11-07T00:00			
jozif	Male	644545	2014-11-08T00:00			
jozif	Male	658708	2014-11-28T00:00			
jozif	Male	642312	2014-11-29T00:00			
jozif	Male	657441	2014-12-04T00:00			
jozif	Male	655148	2014-12-05T00:00			
jozif	Male	663542	2014-12-12T00:00			
jozif	Male	659978	2014-12-19T00:00			
jozif	Male	388058	2013-01-04T00:00			
jozif	Male	430920	2013-01-11T00:00			
jozif	Male	430937	2013-01-13T00:00			
jozif	Male	436220	2013-01-18T00:00			
jozif	Male	441602	2013-01-19T00:00			
jozif	Male	439368	2013-01-24T00:00			
jozif	Male	444755	2013-01-25T00:00			
jozif	Male	439588	2013-01-26T00:00			
jozif	Male	444023	2013-02-08T00:00			
jozif	Male	440741	2013-02-09T00:00			
jozif	Male	452167	2013-02-15T00:00			
jozif	Male	454385	2013-02-21T00:00			
jozif	Male	437606	2013-03-01T00:00			
jozif	Male	453293	2013-03-02T00:00			
jozif	Male	450315	2013-03-08T00:00			
jozif	Male	456358	2013-03-15T00:00			
jozif	Male	455719	2013-03-19T00:00			
jozif	Male	455665	2013-03-20T00:00			
jozif	Male	459697	2013-03-21T00:00			
jozif	Male	454501	2013-03-21T00:00			
jozif	Male	449755	2013-03-21T00:00			
jozif	Male	463801	2013-03-22T00:00			
jozif	Male	450377	2013-03-23T00:00			
jozif	Male	459943	2013-03-24T00:00			
jozif	Male	461174	2013-03-30T00:00			
jozif	Male	443919	2013-04-07T00:00			
jozif	Male	471633	2013-04-12T00:00			
jozif	Male	462178	2013-04-13T00:00			
jozif	Male	469276	2013-04-19T00:00			
jozif	Male	472704	2013-04-20T00:00			
jozif	Male	469265	2013-04-21T00:00			
jozif	Male	471970	2013-04-21T00:00			
jozif	Male	455823	2013-04-26T00:00			
jozif	Male	469278	2013-05-01T00:00			
jozif	Male	484220	2013-05-23T00:00			
jozif	Male	467635	2013-05-24T00:00			
jozif	Male	480597	2013-05-26T00:00			
jozif	Male	467547	2013-05-31T00:00			
jozif	Male	482528	2013-06-01T00:00			
jozif	Male	478928	2013-06-13T00:00			
jozif	Male	490602	2013-06-15T00:00			
jozif	Male	455014	2013-06-15T00:00			
jozif	Male	492529	2013-06-15T00:00			
jozif	Male	476191	2013-06-28T00:00			
jozif	Male	450543	2013-06-29T00:00			
jozif	Male	494574	2013-07-06T00:00			
jozif	Male	496500	2013-07-27T00:00			
jozif	Male	429401	2013-08-02T00:00			
jozif	Male	472223	2013-08-04T00:00			
jozif	Male	450604	2013-08-05T00:00			
jozif	Male	504010	2013-08-09T00:00			
jozif	Male	491885	2013-08-17T00:00			
jozif	Male	511733	2013-08-23T00:00			
jozif	Male	508681	2013-08-25T00:00			
jozif	Male	498387	2013-08-31T00:00			
jozif	Male	472230	2013-09-15T00:00			
jozif	Male	512999	2013-09-20T00:00			
jozif	Male	520407	2013-10-04T00:00			
jozif	Male	522079	2013-10-05T00:00			
jozif	Male	519176	2013-10-06T00:00			
jozif	Male	524251	2013-10-11T00:00			
jozif	Male	529665	2013-11-08T00:00			
jozif	Male	523510	2013-11-29T00:00			
jozif	Male	536410	2013-12-07T00:00			
jozif	Male	544881	2013-12-11T00:00			
jozif	Male	540886	2013-12-14T00:00			
jozif	Male	538201	2013-12-20T00:00			
jozif	Male	542702	2013-12-31T00:00			
jozif	Male	316253	2012-01-07T00:00			
jozif	Male	327583	2012-01-13T00:00			
jozif	Male	322238	2012-02-02T00:00			
jozif	Male	333703	2012-02-03T00:00			
jozif	Male	327696	2012-02-04T00:00			
jozif	Male	326438	2012-02-05T00:00			
jozif	Male	337746	2012-02-11T00:00			
jozif	Male	339504	2012-02-18T00:00			
jozif	Male	329213	2012-03-01T00:00			
jozif	Male	330402	2012-03-03T00:00			
jozif	Male	345039	2012-03-07T00:00			
jozif	Male	344128	2012-03-16T00:00			
jozif	Male	342877	2012-03-17T00:00			
jozif	Male	332933	2012-03-21T00:00			
jozif	Male	334644	2012-03-24T00:00			
jozif	Male	345159	2012-03-25T00:00			
jozif	Male	336519	2012-04-05T00:00			
jozif	Male	333131	2012-04-08T00:00			
jozif	Male	333129	2012-04-08T00:00			
jozif	Male	339770	2012-04-11T00:00			
jozif	Male	348985	2012-04-13T00:00			
jozif	Male	334296	2012-04-15T00:00			
jozif	Male	349539	2012-04-20T00:00			
jozif	Male	355999	2012-04-27T00:00			
jozif	Male	362532	2012-04-28T00:00			
jozif	Male	359338	2012-05-03T00:00			
jozif	Male	349697	2012-05-05T00:00			
jozif	Male	358928	2012-05-12T00:00			
jozif	Male	366906	2012-05-20T00:00			
jozif	Male	351059	2012-05-27T00:00			
jozif	Male	367341	2012-06-01T00:00			
jozif	Male	371181	2012-06-02T00:00			
jozif	Male	348329	2012-06-03T00:00			
jozif	Male	369384	2012-06-14T00:00			
jozif	Male	370993	2012-06-16T00:00			
jozif	Male	363418	2012-06-17T00:00			
jozif	Male	349079	2012-06-17T00:00			
jozif	Male	367186	2012-06-18T00:00			
jozif	Male	388407	2012-07-20T00:00			
jozif	Male	333179	2012-07-27T00:00			
jozif	Male	349088	2012-07-29T00:00			
jozif	Male	393356	2012-08-11T00:00			
jozif	Male	386840	2012-08-18T00:00			
jozif	Male	338202	2012-08-25T00:00			
jozif	Male	349095	2012-08-26T00:00			
jozif	Male	349097	2012-09-02T00:00			
jozif	Male	396151	2012-09-08T00:00			
jozif	Male	403826	2012-09-14T00:00			
jozif	Male	370248	2012-09-15T00:00			
jozif	Male	402930	2012-09-19T00:00			
jozif	Male	406832	2012-09-20T00:00			
jozif	Male	406834	2012-09-21T00:00			
jozif	Male	398446	2012-09-22T00:00			
jozif	Male	404145	2012-09-26T00:00			
jozif	Male	406286	2012-09-28T00:00			
jozif	Male	399662	2012-09-29T00:00			
jozif	Male	392967	2012-09-30T00:00			
jozif	Male	407855	2012-10-05T00:00			
jozif	Male	406840	2012-10-05T00:00			
jozif	Male	406841	2012-10-06T00:00			
jozif	Male	400809	2012-10-07T00:00			
jozif	Male	406588	2012-10-12T00:00			
jozif	Male	397749	2012-10-13T00:00			
jozif	Male	399325	2012-10-19T00:00			
jozif	Male	417668	2012-11-03T00:00			
jozif	Male	412527	2012-11-07T00:00			
jozif	Male	417391	2012-11-16T00:00			
jozif	Male	422207	2012-11-17T00:00			
jozif	Male	411004	2012-11-23T00:00			
jozif	Male	424418	2012-12-07T00:00			
jozif	Male	409433	2012-12-08T00:00			
jozif	Male	421409	2012-12-14T00:00			
jozif	Male	390089	2012-12-15T00:00			
jozif	Male	424435	2012-12-22T00:00			
jozif	Male	423557	2012-12-31T00:00			
jozif	Male	214061	2011-01-06T00:00			
jozif	Male	220350	2011-01-08T00:00			
jozif	Male	220832	2011-01-12T00:00			
jozif	Male	219626	2011-01-28T00:00			
jozif	Male	215213	2011-01-29T00:00			
jozif	Male	222615	2011-02-04T00:00			
jozif	Male	220623	2011-02-04T00:00			
jozif	Male	229384	2011-02-11T00:00			
jozif	Male	225381	2011-02-17T00:00			
jozif	Male	232169	2011-03-05T00:00			
jozif	Male	234433	2011-03-07T00:00			
jozif	Male	233412	2011-03-11T00:00			
jozif	Male	246958	2011-03-14T00:00			
jozif	Male	239586	2011-03-18T00:00			
jozif	Male	236652	2011-03-19T00:00			
jozif	Male	223503	2011-03-24T00:00			
jozif	Male	241274	2011-03-24T00:00			
jozif	Male	235058	2011-03-25T00:00			
jozif	Male	228285	2011-03-26T00:00			
jozif	Male	222370	2011-04-02T00:00			
jozif	Male	242315	2011-04-09T00:00			
jozif	Male	238028	2011-04-16T00:00			
jozif	Male	220968	2011-04-21T00:00			
jozif	Male	226615	2011-04-24T00:00			
jozif	Male	238924	2011-04-29T00:00			
jozif	Male	251990	2011-04-30T00:00			
jozif	Male	249281	2011-05-01T00:00			
jozif	Male	252745	2011-05-12T00:00			
jozif	Male	246959	2011-05-14T00:00			
jozif	Male	251911	2011-05-27T00:00			
jozif	Male	252990	2011-05-28T00:00			
jozif	Male	242007	2011-05-29T00:00			
jozif	Male	258085	2011-05-29T00:00			
jozif	Male	249971	2011-06-15T00:00			
jozif	Male	265094	2011-06-19T00:00			
jozif	Male	269871	2011-06-24T00:00			
jozif	Male	239553	2011-07-03T00:00			
jozif	Male	252829	2011-07-10T00:00			
jozif	Male	265799	2011-07-16T00:00			
jozif	Male	270383	2011-07-29T00:00			
jozif	Male	277870	2011-07-31T00:00			
jozif	Male	274184	2011-08-05T00:00			
jozif	Male	272254	2011-08-13T00:00			
jozif	Male	280375	2011-08-14T00:00			
jozif	Male	283683	2011-08-26T00:00			
jozif	Male	260436	2011-08-28T00:00			
jozif	Male	279273	2011-08-29T00:00			
jozif	Male	252856	2011-09-04T00:00			
jozif	Male	285624	2011-09-07T00:00			
jozif	Male	283135	2011-09-08T00:00			
jozif	Male	290196	2011-09-09T00:00			
jozif	Male	292385	2011-09-17T00:00			
jozif	Male	281152	2011-09-24T00:00			
jozif	Male	242240	2011-09-25T00:00			
jozif	Male	282665	2011-09-28T00:00			
jozif	Male	287256	2011-09-30T00:00			
jozif	Male	295163	2011-10-01T00:00			
jozif	Male	277804	2011-10-02T00:00			
jozif	Male	286650	2011-10-08T00:00			
jozif	Male	285026	2011-10-14T00:00			
jozif	Male	295460	2011-10-15T00:00			
jozif	Male	299928	2011-10-28T00:00			
jozif	Male	292150	2011-10-29T00:00			
jozif	Male	305977	2011-11-04T00:00			
jozif	Male	309359	2011-11-11T00:00			
jozif	Male	305267	2011-11-12T00:00			
jozif	Male	299646	2011-11-19T00:00			
jozif	Male	312730	2011-11-26T00:00			
jozif	Male	312570	2011-12-09T00:00			
jozif	Male	278112	2011-12-10T00:00			
jozif	Male	305899	2011-12-16T00:00			
jozif	Male	315239	2011-12-17T00:00			
jozif	Male	323562	2011-12-29T00:00			
jozif	Male	313149	2011-12-30T00:00			
jozif	Male	311359	2011-12-31T00:00			
jozif	Male	135769	2010-01-09T00:00			
jozif	Male	141585	2010-01-23T00:00			
jozif	Male	139329	2010-02-06T00:00			
jozif	Male	149040	2010-02-27T00:00			
jozif	Male	150887	2010-02-28T00:00			
jozif	Male	154487	2010-03-28T00:00			
jozif	Male	148871	2010-04-01T00:00			
jozif	Male	155522	2010-04-02T00:00			
jozif	Male	153541	2010-04-03T00:00			
jozif	Male	157328	2010-05-01T00:00			
jozif	Male	165344	2010-05-02T00:00			
jozif	Male	163808	2010-05-03T00:00			
jozif	Male	161347	2010-05-07T00:00			
jozif	Male	163127	2010-05-08T00:00			
jozif	Male	162125	2010-06-11T00:00			
jozif	Male	164904	2010-06-12T00:00			
jozif	Male	165916	2010-06-19T00:00			
jozif	Male	161671	2010-06-27T00:00			
jozif	Male	176792	2010-07-11T00:00			
jozif	Male	146158	2010-07-15T00:00			
jozif	Male	176553	2010-07-16T00:00			
jozif	Male	175305	2010-07-17T00:00			
jozif	Male	166884	2010-07-17T00:00			
jozif	Male	178533	2010-07-25T00:00			
jozif	Male	161681	2010-08-08T00:00			
jozif	Male	180910	2010-08-10T00:00			
jozif	Male	169614	2010-08-14T00:00			
jozif	Male	184300	2010-08-20T00:00			
jozif	Male	161686	2010-08-22T00:00			
jozif	Male	185242	2010-08-28T00:00			
jozif	Male	182078	2010-08-29T00:00			
jozif	Male	185735	2010-08-29T00:00			
jozif	Male	182319	2010-09-04T00:00			
jozif	Male	178540	2010-09-11T00:00			
jozif	Male	189490	2010-09-19T00:00			
jozif	Male	190306	2010-09-24T00:00			
jozif	Male	184626	2010-09-25T00:00			
jozif	Male	187626	2010-10-29T00:00			
jozif	Male	201144	2010-11-12T00:00			
jozif	Male	190082	2010-11-19T00:00			
jozif	Male	210087	2010-11-26T00:00			
jozif	Male	197952	2010-11-27T00:00			
jozif	Male	206740	2010-12-03T00:00			
jozif	Male	203347	2010-12-04T00:00			
jozif	Male	208269	2010-12-10T00:00			
jozif	Male	210293	2010-12-17T00:00			
jozif	Male	199924	2010-12-18T00:00			
jozif	Male	209250	2010-12-30T00:00			
jozif	Male	205860	2010-12-31T00:00			
jozif	Male	217896	2010-12-31T00:00			
jozif	Male	79146	2009-01-23T00:00			
jozif	Male	86071	2009-03-06T00:00			
jozif	Male	83616	2009-03-08T00:00			
jozif	Male	91134	2009-04-05T00:00			
jozif	Male	91161	2009-04-12T00:00			
jozif	Male	87965	2009-04-18T00:00			
jozif	Male	91898	2009-05-01T00:00			
jozif	Male	95160	2009-05-08T00:00			
jozif	Male	94444	2009-05-23T00:00			
jozif	Male	101272	2009-06-07T00:00			
jozif	Male	104266	2009-07-03T00:00			
jozif	Male	106486	2009-07-09T00:00			
jozif	Male	110773	2009-08-02T00:00			
jozif	Male	109619	2009-08-14T00:00			
jozif	Male	115653	2009-09-04T00:00			
jozif	Male	120353	2009-10-03T00:00			
jozif	Male	116148	2009-10-10T00:00			
jozif	Male	118865	2009-10-11T00:00			
jozif	Male	109936	2009-11-07T00:00			
jozif	Male	125599	2009-11-13T00:00			
jozif	Male	123310	2009-11-14T00:00			
jozif	Male	126486	2009-11-15T00:00			
jozif	Male	128915	2009-11-29T00:00			
jozif	Male	125786	2009-12-05T00:00			
jozif	Male	128917	2009-12-11T00:00			
jozif	Male	134328	2009-12-18T00:00			
jozif	Male	132464	2009-12-20T00:00			
jozif	Male	43322	2008-02-14T00:00			
jozif	Male	49733	2008-03-14T00:00			
jozif	Male	49699	2008-04-11T00:00			
jozif	Male	54544	2008-05-30T00:00			
jozif	Male	62690	2008-08-24T00:00			
jozif	Male	61151	2008-08-28T00:00			
jozif	Male	65738	2008-10-17T00:00			
jozif	Male	73611	2008-12-07T00:00			
jozif	Male	75288	2008-12-20T00:00			
jozif	Male	18326	2007-01-01T00:00			
jozif	Male	18766	2007-01-13T00:00			
jozif	Male	23569	2007-05-11T00:00			
jozif	Male	24475	2007-05-20T00:00			
jozif	Male	25810	2007-07-07T00:00			
jozif	Male	27066	2007-07-13T00:00			
jozif	Male	26531	2007-07-14T00:00			
jozif	Male	28463	2007-08-11T00:00			
jozif	Male	28246	2007-08-19T00:00			
jozif	Male	31295	2007-09-23T00:00			
jozif	Male	33153	2007-10-12T00:00			
jozif	Male	38118	2007-12-14T00:00			
jozif	Male	39562	2007-12-29T00:00			
jozif	Male	39213	2007-12-31T00:00			
jozif	Male	16938	2006-10-29T00:00			
lingk	Male	736566	2015-08-15T00:00			
lingk	Male	787068	2015-12-31T00:00			
lingk	Male	547796	2014-01-10T00:00			
lingk	Male	564047	2014-04-19T00:00			
lingk	Male	483666	2013-08-16T00:00			
lorentz	Male	589390	2014-04-22T00:00			
luman	Male	930880	2017-02-03T00:00			
luman	Male	845281	2016-06-11T00:00			
luman	Male	859512	2016-07-15T00:00			
luman	Male	862176	2016-07-22T00:00			
luman	Male	873469	2016-08-26T00:00			
low-e	Male	461735	2013-06-29T00:00			
low-e	Male	377223	2011-07-09T00:00			
low-e	Male	159100	2010-05-22T00:00			
m.a.l.m.r.	Male	698817	2015-03-26T00:00			
mimetic	Male	908991	2017-02-03T00:00			
mimetic	Male	922668	2017-02-10T00:00			
mimetic	Male	933541	2017-03-18T00:00			
mimetic	Male	945056	2017-04-07T00:00			
mimetic	Male	947697	2017-05-13T00:00			
mimetic	Male	967921	2017-06-10T00:00			
mimetic	Male	983799	2017-06-23T00:00			
mimetic	Male	976586	2017-07-09T00:00			
mimetic	Male	984984	2017-07-12T00:00			
mimetic	Male	994659	2017-08-11T00:00			
mimetic	Male	1000903	2017-09-01T00:00			
mimetic	Male	1029203	2017-10-27T00:00			
mimetic	Male	1030253	2017-11-10T00:00			
mimetic	Male	1039538	2017-12-02T00:00			
mimetic	Male	1039548	2017-12-15T00:00			
mimetic	Male	1040379	2017-12-31T00:00			
mimetic	Male	800257	2016-03-24T00:00			
mimetic	Male	810570	2016-03-25T00:00			
mimetic	Male	809484	2016-03-25T00:00			
mimetic	Male	822940	2016-04-15T00:00			
mimetic	Male	834432	2016-05-01T00:00			
mimetic	Male	830020	2016-05-07T00:00			
mimetic	Male	827352	2016-05-07T00:00			
mimetic	Male	830038	2016-05-20T00:00			
mimetic	Male	844178	2016-06-02T00:00			
mimetic	Male	845475	2016-06-05T00:00			
mimetic	Male	847037	2016-07-12T00:00			
mimetic	Male	844184	2016-07-21T00:00			
mimetic	Male	864434	2016-08-05T00:00			
mimetic	Male	865435	2016-08-12T00:00			
mimetic	Male	871396	2016-08-25T00:00			
mimetic	Male	865441	2016-09-16T00:00			
mimetic	Male	866293	2016-10-14T00:00			
mimetic	Male	852758	2016-10-22T00:00			
mimetic	Male	889846	2016-12-03T00:00			
mimetic	Male	874573	2016-12-10T00:00			
mimetic	Male	915079	2016-12-25T00:00			
mimetic	Male	677794	2015-02-06T00:00			
mimetic	Male	692198	2015-03-06T00:00			
mimetic	Male	726722	2015-06-20T00:00			
mimetic	Male	747108	2015-08-29T00:00			
mimetic	Male	748710	2015-09-03T00:00			
mimetic	Male	748716	2015-09-05T00:00			
mimetic	Male	748719	2015-09-17T00:00			
mimetic	Male	767137	2015-10-25T00:00			
mimetic	Male	769964	2015-11-26T00:00			
mimetic	Male	790072	2015-12-31T00:00			
mimetic	Male	570548	2014-03-08T00:00			
mimetic	Male	570665	2014-03-08T00:00			
mimetic	Male	568181	2014-03-14T00:00			
mimetic	Male	568177	2014-03-28T00:00			
mimetic	Male	585059	2014-05-02T00:00			
mimetic	Male	597545	2014-05-17T00:00			
mimetic	Male	568064	2014-05-27T00:00			
mimetic	Male	568174	2014-05-28T00:00			
mimetic	Male	625900	2014-09-12T00:00			
mimetic	Male	646896	2014-11-07T00:00			
mimetic	Male	651593	2014-11-13T00:00			
mimetic	Male	657813	2014-11-28T00:00			
mimetic	Male	657821	2014-12-05T00:00			
mimetic	Male	659258	2014-12-16T00:00			
mimetic	Male	438651	2013-02-22T00:00			
mimetic	Male	447347	2013-02-23T00:00			
mimetic	Male	447729	2013-03-01T00:00			
mimetic	Male	443418	2013-03-02T00:00			
mimetic	Male	447738	2013-03-07T00:00			
mimetic	Male	445999	2013-03-28T00:00			
mimetic	Male	451076	2013-03-28T00:00			
mimetic	Male	490212	2013-06-13T00:00			
mimetic	Male	490217	2013-06-22T00:00			
mimetic	Male	490223	2013-07-13T00:00			
mimetic	Male	490228	2013-07-16T00:00			
mimetic	Male	490230	2013-08-24T00:00			
mimetic	Male	511117	2013-08-24T00:00			
mimetic	Male	507945	2013-08-30T00:00			
mimetic	Male	507565	2013-08-31T00:00			
mimetic	Male	507943	2013-09-06T00:00			
mimetic	Male	512535	2013-09-06T00:00			
mimetic	Male	518686	2013-09-28T00:00			
mimetic	Male	518677	2013-10-11T00:00			
mimetic	Male	515876	2013-10-13T00:00			
mimetic	Male	530399	2013-10-31T00:00			
mimetic	Male	533263	2013-11-30T00:00			
mimetic	Male	366272	2012-05-05T00:00			
mimetic	Male	393644	2012-08-25T00:00			
mimetic	Male	395035	2012-08-25T00:00			
mimetic	Male	278612	2011-09-02T00:00			
mimetic	Male	302803	2011-10-19T00:00			
mimetic	Male	302751	2011-10-28T00:00			
mimetic	Male	302799	2011-11-16T00:00			
mimetic	Male	302802	2011-11-18T00:00			
mimetic	Male	302809	2011-11-19T00:00			
mimetic	Male	302821	2011-11-26T00:00			
mimetic	Male	170947	2010-09-17T00:00			
mimetic	Male	170949	2010-09-18T00:00			
mimetic	Male	202026	2010-11-13T00:00			
mimetic	Male	121080	2009-10-03T00:00			
mimetic	Male	66365	2008-10-10T00:00			
mkdsl	Male	966360	2017-05-06T00:00			
mkdsl	Male	966919	2017-06-10T00:00			
mkdsl	Male	1020593	2017-11-03T00:00			
mkdsl	Male	1035115	2017-12-02T00:00			
mkdsl	Male	878037	2016-09-10T00:00			
mkdsl	Male	579894	2014-05-24T00:00			
mkdsl	Male	602627	2014-05-31T00:00			
mkdsl	Male	583149	2014-08-07T00:00			
mkdsl	Male	666545	2014-12-31T00:00			
mkdsl	Male	469710	2013-04-05T00:00			
mkdsl	Male	469216	2013-04-06T00:00			
mkdsl	Male	542501	2013-11-29T00:00			
mkdsl	Male	416427	2012-10-19T00:00			
mkdsl	Male	436862	2012-12-27T00:00			
mkdsl	Male	434235	2012-12-28T00:00			
mkdsl	Male	243198	2011-04-07T00:00			
mkdsl	Male	154558	2010-04-17T00:00			
mkdsl	Male	211068	2010-12-11T00:00			
mkdsl	Male	115310	2009-09-05T00:00			
mkdsl	Male	58916	2008-07-12T00:00			
mkdsl	Male	25871	2007-07-13T00:00			
mkdsl	Male	36143	2007-11-09T00:00			
mkdsl	Male	92396	2003-10-12T00:00			
mrshl	Male	1135064	2018-08-31T00:00			
mrshl	Male	1117748	2018-07-05T00:00			
mrshl	Male	1087038	2018-04-26T00:00			
mrshl	Male	1072518	2018-03-22T00:00			
nthng	Male	912164	2017-01-28T00:00			
nthng	Male	914066	2017-02-17T00:00			
nthng	Male	914071	2017-02-18T00:00			
nthng	Male	922060	2017-02-25T00:00			
nthng	Male	937412	2017-03-04T00:00			
nthng	Male	936373	2017-03-17T00:00			
nthng	Male	925466	2017-03-24T00:00			
nthng	Male	958971	2017-04-21T00:00			
nthng	Male	958685	2017-04-22T00:00			
nthng	Male	959719	2017-05-06T00:00			
nthng	Male	964812	2017-05-13T00:00			
nthng	Male	960941	2017-05-20T00:00			
nthng	Male	966900	2017-05-24T00:00			
nthng	Male	966877	2017-05-26T00:00			
nthng	Male	969131	2017-06-03T00:00			
nthng	Male	969163	2017-06-10T00:00			
nthng	Male	975193	2017-06-14T00:00			
nthng	Male	969990	2017-06-23T00:00			
nthng	Male	983304	2017-06-24T00:00			
nthng	Male	967922	2017-06-25T00:00			
nthng	Male	990495	2017-08-03T00:00			
nthng	Male	991052	2017-08-05T00:00			
nthng	Male	973116	2017-08-11T00:00			
nthng	Male	979715	2017-08-12T00:00			
nthng	Male	927453	2017-08-17T00:00			
nthng	Male	961735	2017-08-19T00:00			
nthng	Male	988501	2017-08-25T00:00			
nthng	Male	999102	2017-08-26T00:00			
nthng	Male	995668	2017-09-01T00:00			
nthng	Male	980020	2017-09-08T00:00			
nthng	Male	1000939	2017-09-15T00:00			
nthng	Male	1007393	2017-09-22T00:00			
nthng	Male	1003412	2017-09-23T00:00			
nthng	Male	1005375	2017-09-28T00:00			
nthng	Male	1007391	2017-09-29T00:00			
nthng	Male	1005384	2017-09-30T00:00			
nthng	Male	1023842	2017-10-21T00:00			
nthng	Male	994405	2017-10-28T00:00			
nthng	Male	1018424	2017-11-04T00:00			
nthng	Male	1024370	2017-11-17T00:00			
nthng	Male	1034723	2017-11-18T00:00			
nthng	Male	1031518	2017-11-24T00:00			
nthng	Male	1039756	2017-11-25T00:00			
nthng	Male	1023488	2017-12-01T00:00			
nthng	Male	1042897	2017-12-08T00:00			
nthng	Male	1037233	2017-12-16T00:00			
nthng	Male	1036891	2017-12-28T00:00			
nthng	Male	1046943	2017-12-29T00:00			
nthng	Male	778290	2016-01-16T00:00			
nthng	Male	764496	2016-01-22T00:00			
nthng	Male	762480	2016-01-30T00:00			
nthng	Male	803365	2016-04-02T00:00			
nthng	Male	826876	2016-04-09T00:00			
nthng	Male	820946	2016-04-23T00:00			
nthng	Male	851244	2016-07-02T00:00			
nthng	Male	854449	2016-07-31T00:00			
nthng	Male	856028	2016-08-05T00:00			
nthng	Male	854818	2016-08-06T00:00			
nthng	Male	871574	2016-09-02T00:00			
nthng	Male	854265	2016-09-16T00:00			
nthng	Male	866439	2016-09-23T00:00			
nthng	Male	864167	2016-10-01T00:00			
nthng	Male	881901	2016-10-22T00:00			
nthng	Male	884743	2016-11-04T00:00			
nthng	Male	876888	2016-11-05T00:00			
nthng	Male	899700	2016-11-12T00:00			
nthng	Male	901709	2016-11-25T00:00			
nthng	Male	735998	2015-08-28T00:00			
nthng	Male	745711	2015-09-26T00:00			
ocp	Male	987165	2017-07-08T00:00			
ocp	Male	922062	2017-01-14T00:00			
psypad	Male	832760	2016-06-03T00:00			
psypad	Male	844247	2016-08-06T00:00			
psypad	Male	769569	2015-11-07T00:00			
serpentwithfeet	Male	954344	2017-04-07T00:00			
serpentwithfeet	Male	979220	2017-08-26T00:00			
serpentwithfeet	Male	986296	2017-09-07T00:00			
serpentwithfeet	Male	990953	2017-09-15T00:00			
serpentwithfeet	Male	996282	2017-09-16T00:00			
serpentwithfeet	Male	972983	2017-10-13T00:00			
serpentwithfeet	Male	880318	2016-09-08T00:00			
serpentwithfeet	Male	709424	2015-05-09T00:00			
revlux	Male	910463	2017-08-22T00:00			
revlux	Male	1021805	2017-10-28T00:00			
revlux	Male	1028984	2017-11-18T00:00			
revlux	Male	890385	2016-10-14T00:00			
tangram	Male	937810	2017-04-01T00:00			
tangram	Male	958701	2017-04-14T00:00			
tangram	Male	999451	2017-08-19T00:00			
tangram	Male	1004697	2017-08-26T00:00			
tangram	Male	1007502	2017-09-30T00:00			
tangram	Male	1025149	2017-10-28T00:00			
tangram	Male	824241	2016-04-29T00:00			
tangram	Male	823900	2016-05-13T00:00			
tangram	Male	841102	2016-06-18T00:00			
tangram	Male	853405	2016-07-08T00:00			
tangram	Male	854531	2016-07-09T00:00			
tangram	Male	891259	2016-11-19T00:00			
tangram	Male	707681	2015-05-16T00:00			
tangram	Male	762081	2015-10-10T00:00			
tangram	Male	772821	2015-11-07T00:00			
tangram	Male	573076	2014-02-28T00:00			
tangram	Male	598496	2014-05-17T00:00			
tangram	Male	593121	2014-05-17T00:00			
tangram	Male	590021	2014-06-08T00:00			
tangram	Male	616535	2014-07-19T00:00			
tangram	Male	650063	2014-11-22T00:00			
tangram	Male	464351	2013-05-19T00:00			
tape_hiss	Male	1102313	2018-05-08T00:00			
tape_hiss	Male	1003127	2017-08-18T00:00			
tape_hiss	Male	811875	2016-03-03T00:00			
submerse	Male	916357	2017-02-08T00:00			
submerse	Male	928836	2017-03-05T00:00			
submerse	Male	941195	2017-03-23T00:00			
submerse	Male	944673	2017-04-08T00:00			
submerse	Male	943280	2017-04-22T00:00			
submerse	Male	955984	2017-05-02T00:00			
submerse	Male	989631	2017-08-11T00:00			
submerse	Male	996230	2017-08-25T00:00			
submerse	Male	1010556	2017-09-08T00:00			
submerse	Male	1009749	2017-09-09T00:00			
submerse	Male	1018864	2017-10-22T00:00			
submerse	Male	1018586	2017-11-23T00:00			
submerse	Male	1036096	2017-12-10T00:00			
submerse	Male	788537	2016-01-15T00:00			
submerse	Male	811734	2016-04-02T00:00			
submerse	Male	845988	2016-06-08T00:00			
submerse	Male	844743	2016-06-25T00:00			
submerse	Male	846834	2016-07-02T00:00			
submerse	Male	853861	2016-07-09T00:00			
submerse	Male	881561	2016-10-07T00:00			
submerse	Male	878948	2016-10-19T00:00			
submerse	Male	886128	2016-11-25T00:00			
submerse	Male	904980	2016-12-03T00:00			
submerse	Male	905947	2016-12-22T00:00			
submerse	Male	903399	2016-12-29T00:00			
submerse	Male	674924	2015-01-23T00:00			
submerse	Male	663166	2015-01-24T00:00			
submerse	Male	673402	2015-02-27T00:00			
submerse	Male	696375	2015-04-10T00:00			
submerse	Male	703415	2015-04-16T00:00			
submerse	Male	704278	2015-04-30T00:00			
submerse	Male	727035	2015-07-03T00:00			
submerse	Male	728409	2015-07-10T00:00			
submerse	Male	730488	2015-07-19T00:00			
submerse	Male	735929	2015-07-24T00:00			
submerse	Male	738050	2015-07-24T00:00			
submerse	Male	734186	2015-08-09T00:00			
submerse	Male	742296	2015-08-15T00:00			
submerse	Male	743153	2015-08-16T00:00			
submerse	Male	723515	2015-08-29T00:00			
submerse	Male	741739	2015-09-27T00:00			
submerse	Male	751208	2015-11-09T00:00			
submerse	Male	769317	2015-12-05T00:00			
submerse	Male	547972	2014-01-25T00:00			
submerse	Male	559659	2014-02-01T00:00			
submerse	Male	564820	2014-02-14T00:00			
submerse	Male	564956	2014-03-21T00:00			
submerse	Male	572021	2014-03-30T00:00			
submerse	Male	583506	2014-04-29T00:00			
submerse	Male	579963	2014-05-09T00:00			
submerse	Male	610860	2014-07-03T00:00			
submerse	Male	622313	2014-08-15T00:00			
submerse	Male	629740	2014-09-05T00:00			
submerse	Male	629746	2014-09-05T00:00			
submerse	Male	636227	2014-09-15T00:00			
submerse	Male	630784	2014-09-26T00:00			
submerse	Male	630023	2014-10-10T00:00			
submerse	Male	638202	2014-10-12T00:00			
submerse	Male	624041	2014-10-18T00:00			
submerse	Male	646857	2014-10-25T00:00			
submerse	Male	639822	2014-11-01T00:00			
submerse	Male	432312	2013-01-12T00:00			
submerse	Male	456835	2013-04-05T00:00			
submerse	Male	435119	2013-04-06T00:00			
submerse	Male	474258	2013-04-20T00:00			
submerse	Male	481058	2013-05-25T00:00			
submerse	Male	493687	2013-07-05T00:00			
submerse	Male	489085	2013-07-26T00:00			
submerse	Male	503135	2013-08-02T00:00			
submerse	Male	499841	2013-08-30T00:00			
submerse	Male	518936	2013-10-11T00:00			
submerse	Male	327094	2012-01-20T00:00			
submerse	Male	326021	2012-01-27T00:00			
submerse	Male	337767	2012-03-31T00:00			
submerse	Male	355668	2012-04-08T00:00			
submerse	Male	362758	2012-05-16T00:00			
submerse	Male	364788	2012-05-25T00:00			
submerse	Male	366609	2012-05-26T00:00			
submerse	Male	376314	2012-06-10T00:00			
submerse	Male	384190	2012-07-06T00:00			
submerse	Male	385989	2012-07-13T00:00			
submerse	Male	386593	2012-07-16T00:00			
submerse	Male	397224	2012-08-20T00:00			
submerse	Male	388840	2012-09-15T00:00			
submerse	Male	391971	2012-09-28T00:00			
submerse	Male	409351	2012-10-08T00:00			
submerse	Male	404668	2012-10-12T00:00			
submerse	Male	432103	2012-12-09T00:00			
submerse	Male	216987	2011-01-08T00:00			
submerse	Male	215208	2011-01-26T00:00			
submerse	Male	222359	2011-02-11T00:00			
submerse	Male	225021	2011-02-18T00:00			
submerse	Male	231086	2011-02-25T00:00			
submerse	Male	241004	2011-03-18T00:00			
submerse	Male	256271	2011-05-21T00:00			
submerse	Male	257214	2011-05-25T00:00			
submerse	Male	248046	2011-05-27T00:00			
submerse	Male	252562	2011-06-02T00:00			
submerse	Male	271966	2011-06-28T00:00			
submerse	Male	269736	2011-07-01T00:00			
submerse	Male	276884	2011-07-16T00:00			
submerse	Male	291339	2011-09-30T00:00			
submerse	Male	292680	2011-10-07T00:00			
submerse	Male	303781	2011-10-22T00:00			
submerse	Male	297797	2011-10-29T00:00			
submerse	Male	316952	2011-12-09T00:00			
submerse	Male	314235	2011-12-16T00:00			
submerse	Male	152290	2010-04-01T00:00			
submerse	Male	163188	2010-05-07T00:00			
submerse	Male	168403	2010-05-27T00:00			
submerse	Male	177384	2010-07-09T00:00			
submerse	Male	192664	2010-09-25T00:00			
submerse	Male	198911	2010-10-11T00:00			
submerse	Male	204259	2010-11-19T00:00			
submerse	Male	212932	2010-12-09T00:00			
submerse	Male	215759	2010-12-31T00:00			
submerse	Male	84941	2009-02-26T00:00			
submerse	Male	94072	2009-04-21T00:00			
submerse	Male	96079	2009-04-29T00:00			
submerse	Male	121854	2009-10-23T00:00			
submerse	Male	67931	2008-10-24T00:00			
tchie	Male	944265	2017-04-01T00:00			
tchie	Male	982890	2017-06-25T00:00			
tchie	Male	1002958	2017-08-25T00:00			
tchie	Male	1037508	2017-11-10T00:00			
tchie	Male	905446	2016-12-03T00:00			
tommi	Male	917742	2017-01-27T00:00			
tommi	Male	950032	2017-04-21T00:00			
tommi	Male	978217	2017-06-14T00:00			
tommi	Male	1015762	2017-10-28T00:00			
tommi	Male	1024370	2017-11-17T00:00			
tommi	Male	782468	2016-01-22T00:00			
tommi	Male	767650	2016-01-29T00:00			
tommi	Male	802094	2016-02-27T00:00			
tommi	Male	804478	2016-03-18T00:00			
tommi	Male	839066	2016-06-03T00:00			
tommi	Male	872886	2016-09-09T00:00			
tommi	Male	881215	2016-10-22T00:00			
tommi	Male	665950	2015-01-23T00:00			
tommi	Male	683889	2015-02-11T00:00			
tommi	Male	694397	2015-03-19T00:00			
tommi	Male	696918	2015-03-28T00:00			
tommi	Male	705562	2015-04-14T00:00			
tommi	Male	698445	2015-04-30T00:00			
tommi	Male	718176	2015-05-21T00:00			
tommi	Male	761072	2015-09-03T00:00			
tommi	Male	767170	2015-10-31T00:00			
tommi	Male	769867	2015-11-20T00:00			
tommi	Male	785633	2015-12-19T00:00			
tommi	Male	776359	2015-12-31T00:00			
tommi	Male	568347	2014-02-22T00:00			
tommi	Male	601704	2014-06-05T00:00			
tommi	Male	601466	2014-06-21T00:00			
tommi	Male	619289	2014-08-09T00:00			
tommi	Male	638658	2014-10-03T00:00			
tommi	Male	636054	2014-10-11T00:00			
tommi	Male	653140	2014-11-29T00:00			
tommi	Male	499852	2013-07-27T00:00			
tommi	Male	516905	2013-09-12T00:00			
tommi	Male	369422	2012-05-26T00:00			
tommi	Male	399478	2012-09-15T00:00			
wndfrm	Male	834270	2016-07-22T00:00			
wndfrm	Male	846679	2016-07-29T00:00			
wndfrm	Male	894632	2016-11-11T00:00			
wndfrm	Male	706366	2015-04-24T00:00			
wndfrm	Male	748022	2015-09-11T00:00			
wndfrm	Male	772557	2015-11-07T00:00			
wndfrm	Male	557388	2014-05-16T00:00			
wndfrm	Male	569665	2014-05-27T00:00			
wndfrm	Male	593474	2014-05-29T00:00			
wndfrm	Male	662235	2014-12-09T00:00			
wndfrm	Male	459325	2013-06-20T00:00			
wndfrm	Male	341026	2012-02-22T00:00			
wndfrm	Male	341024	2012-03-11T00:00			
wndfrm	Male	395751	2012-09-30T00:00			
xxxy	Male	912173	2017-01-21T00:00			
xxxy	Male	914784	2017-01-27T00:00			
xxxy	Male	911591	2017-01-28T00:00			
xxxy	Male	921001	2017-02-24T00:00			
xxxy	Male	924764	2017-03-04T00:00			
xxxy	Male	939877	2017-03-10T00:00			
xxxy	Male	936350	2017-03-16T00:00			
xxxy	Male	934779	2017-03-17T00:00			
xxxy	Male	925977	2017-03-18T00:00			
xxxy	Male	951976	2017-04-16T00:00			
xxxy	Male	959519	2017-05-05T00:00			
xxxy	Male	960636	2017-05-20T00:00			
xxxy	Male	944211	2017-06-23T00:00			
xxxy	Male	924900	2017-06-29T00:00			
xxxy	Male	972658	2017-07-07T00:00			
xxxy	Male	1000129	2017-08-17T00:00			
xxxy	Male	1001458	2017-08-19T00:00			
xxxy	Male	990321	2017-08-26T00:00			
xxxy	Male	1007716	2017-10-13T00:00			
xxxy	Male	1029909	2017-11-17T00:00			
xxxy	Male	1023870	2017-11-25T00:00			
xxxy	Male	1037451	2017-12-31T00:00			
xxxy	Male	792367	2016-02-27T00:00			
xxxy	Male	817874	2016-03-19T00:00			
xxxy	Male	840132	2016-05-21T00:00			
xxxy	Male	813305	2016-06-03T00:00			
xxxy	Male	846973	2016-06-17T00:00			
xxxy	Male	838644	2016-06-18T00:00			
xxxy	Male	852652	2016-07-23T00:00			
xxxy	Male	849246	2016-07-29T00:00			
xxxy	Male	989342	2016-08-13T00:00			
xxxy	Male	876569	2016-10-07T00:00			
xxxy	Male	890680	2016-11-04T00:00			
xxxy	Male	890350	2016-11-19T00:00			
xxxy	Male	904849	2016-12-01T00:00			
xxxy	Male	863780	2016-12-02T00:00			
xxxy	Male	662081	2015-01-16T00:00			
xxxy	Male	675191	2015-01-24T00:00			
xxxy	Male	672333	2015-02-07T00:00			
xxxy	Male	683577	2015-02-27T00:00			
xxxy	Male	661016	2015-02-28T00:00			
xxxy	Male	677438	2015-03-28T00:00			
xxxy	Male	688536	2015-04-11T00:00			
xxxy	Male	702185	2015-05-01T00:00			
xxxy	Male	706758	2015-05-02T00:00			
xxxy	Male	706759	2015-05-08T00:00			
xxxy	Male	706760	2015-05-09T00:00			
xxxy	Male	715811	2015-05-16T00:00			
xxxy	Male	714958	2015-05-30T00:00			
xxxy	Male	682349	2015-06-25T00:00			
xxxy	Male	713048	2015-07-10T00:00			
xxxy	Male	694566	2015-07-17T00:00			
xxxy	Male	700892	2015-07-17T00:00			
xxxy	Male	735682	2015-07-18T00:00			
xxxy	Male	731699	2015-07-31T00:00			
xxxy	Male	730279	2015-08-29T00:00			
xxxy	Male	754116	2015-09-12T00:00			
xxxy	Male	724525	2015-09-19T00:00			
xxxy	Male	753044	2015-09-25T00:00			
xxxy	Male	763933	2015-10-24T00:00			
xxxy	Male	763934	2015-10-25T00:00			
xxxy	Male	763937	2015-10-28T00:00			
xxxy	Male	764009	2015-10-29T00:00			
xxxy	Male	763941	2015-10-31T00:00			
xxxy	Male	771900	2015-11-06T00:00			
xxxy	Male	771715	2015-11-11T00:00			
xxxy	Male	784436	2015-12-12T00:00			
xxxy	Male	779187	2015-12-31T00:00			
xxxy	Male	553920	2014-01-18T00:00			
xxxy	Male	547320	2014-01-24T00:00			
xxxy	Male	546802	2014-01-31T00:00			
xxxy	Male	558985	2014-02-01T00:00			
xxxy	Male	552567	2014-02-07T00:00			
xxxy	Male	557737	2014-02-14T00:00			
xxxy	Male	569551	2014-03-07T00:00			
xxxy	Male	554076	2014-03-15T00:00			
xxxy	Male	570972	2014-03-29T00:00			
xxxy	Male	576149	2014-05-02T00:00			
xxxy	Male	595977	2014-05-23T00:00			
xxxy	Male	592923	2014-05-30T00:00			
xxxy	Male	606284	2014-06-21T00:00			
xxxy	Male	610318	2014-06-28T00:00			
xxxy	Male	603200	2014-07-11T00:00			
xxxy	Male	610412	2014-07-19T00:00			
xxxy	Male	596479	2014-08-10T00:00			
xxxy	Male	624384	2014-08-16T00:00			
xxxy	Male	629989	2014-09-06T00:00			
xxxy	Male	636509	2014-09-20T00:00			
xxxy	Male	632039	2014-10-04T00:00			
xxxy	Male	646532	2014-10-23T00:00			
xxxy	Male	644836	2014-10-24T00:00			
xxxy	Male	646796	2014-11-22T00:00			
xxxy	Male	645249	2014-11-28T00:00			
xxxy	Male	640740	2014-11-29T00:00			
xxxy	Male	640933	2014-12-05T00:00			
xxxy	Male	649101	2014-12-13T00:00			
xxxy	Male	422636	2013-01-11T00:00			
xxxy	Male	437986	2013-01-17T00:00			
xxxy	Male	440586	2013-01-19T00:00			
xxxy	Male	435379	2013-01-25T00:00			
xxxy	Male	443899	2013-02-08T00:00			
xxxy	Male	444942	2013-02-09T00:00			
xxxy	Male	439062	2013-02-15T00:00			
xxxy	Male	445912	2013-02-22T00:00			
xxxy	Male	437558	2013-03-09T00:00			
xxxy	Male	449801	2013-03-15T00:00			
xxxy	Male	458400	2013-03-19T00:00			
xxxy	Male	455458	2013-03-22T00:00			
xxxy	Male	446771	2013-03-30T00:00			
xxxy	Male	465818	2013-03-31T00:00			
xxxy	Male	435119	2013-04-06T00:00			
xxxy	Male	456093	2013-04-19T00:00			
xxxy	Male	470170	2013-04-26T00:00			
xxxy	Male	461771	2013-05-10T00:00			
xxxy	Male	478620	2013-05-11T00:00			
xxxy	Male	471963	2013-05-16T00:00			
xxxy	Male	473238	2013-05-17T00:00			
xxxy	Male	468676	2013-05-18T00:00			
xxxy	Male	471971	2013-05-22T00:00			
xxxy	Male	480869	2013-05-23T00:00			
xxxy	Male	447936	2013-05-25T00:00			
xxxy	Male	480466	2013-05-31T00:00			
xxxy	Male	450202	2013-06-06T00:00			
xxxy	Male	492771	2013-06-17T00:00			
xxxy	Male	482426	2013-06-22T00:00			
xxxy	Male	473823	2013-06-28T00:00			
xxxy	Male	496625	2013-07-27T00:00			
xxxy	Male	505956	2013-07-31T00:00			
xxxy	Male	441970	2013-09-05T00:00			
xxxy	Male	487021	2013-09-07T00:00			
xxxy	Male	519376	2013-09-14T00:00			
xxxy	Male	806438	2013-09-14T00:00			
xxxy	Male	503578	2013-09-20T00:00			
xxxy	Male	514806	2013-09-21T00:00			
xxxy	Male	520723	2013-10-18T00:00			
xxxy	Male	530794	2013-10-26T00:00			
xxxy	Male	511982	2013-11-01T00:00			
xxxy	Male	536011	2013-11-07T00:00			
xxxy	Male	524185	2013-11-08T00:00			
xxxy	Male	528610	2013-11-09T00:00			
xxxy	Male	516836	2013-11-23T00:00			
xxxy	Male	543715	2013-11-29T00:00			
xxxy	Male	532902	2013-12-12T00:00			
xxxy	Male	504080	2013-12-13T00:00			
xxxy	Male	531177	2013-12-26T00:00			
xxxy	Male	543507	2013-12-31T00:00			
xxxy	Male	328204	2012-01-20T00:00			
xxxy	Male	325782	2012-01-21T00:00			
xxxy	Male	314768	2012-01-28T00:00			
xxxy	Male	337044	2012-02-25T00:00			
xxxy	Male	331195	2012-03-02T00:00			
xxxy	Male	338881	2012-03-08T00:00			
xxxy	Male	345611	2012-03-10T00:00			
xxxy	Male	347253	2012-03-14T00:00			
xxxy	Male	346203	2012-03-15T00:00			
xxxy	Male	348565	2012-03-16T00:00			
xxxy	Male	341960	2012-03-22T00:00			
xxxy	Male	352193	2012-03-30T00:00			
xxxy	Male	335909	2012-04-06T00:00			
xxxy	Male	334386	2012-04-08T00:00			
xxxy	Male	356066	2012-04-12T00:00			
xxxy	Male	359949	2012-04-20T00:00			
xxxy	Male	360180	2012-05-12T00:00			
xxxy	Male	370348	2012-05-18T00:00			
xxxy	Male	334895	2012-05-19T00:00			
xxxy	Male	371526	2012-05-26T00:00			
xxxy	Male	373656	2012-05-26T00:00			
xxxy	Male	370732	2012-05-27T00:00			
xxxy	Male	366275	2012-05-31T00:00			
xxxy	Male	374873	2012-06-02T00:00			
xxxy	Male	367596	2012-06-08T00:00			
xxxy	Male	355937	2012-06-16T00:00			
xxxy	Male	382978	2012-07-05T00:00			
xxxy	Male	729023	2012-07-06T00:00			
xxxy	Male	379138	2012-07-20T00:00			
xxxy	Male	384738	2012-07-27T00:00			
xxxy	Male	387264	2012-08-03T00:00			
xxxy	Male	339855	2012-08-17T00:00			
xxxy	Male	331480	2012-08-30T00:00			
xxxy	Male	391648	2012-09-06T00:00			
xxxy	Male	379751	2012-09-08T00:00			
xxxy	Male	395783	2012-09-15T00:00			
xxxy	Male	373114	2012-09-26T00:00			
xxxy	Male	395635	2012-09-27T00:00			
xxxy	Male	395702	2012-09-29T00:00			
xxxy	Male	402546	2012-09-30T00:00			
xxxy	Male	397955	2012-10-04T00:00			
xxxy	Male	390037	2012-10-06T00:00			
xxxy	Male	399846	2012-10-19T00:00			
xxxy	Male	405676	2012-11-03T00:00			
xxxy	Male	414923	2012-11-10T00:00			
xxxy	Male	416570	2012-11-22T00:00			
xxxy	Male	422070	2012-11-24T00:00			
xxxy	Male	408311	2012-11-30T00:00			
xxxy	Male	426245	2012-12-05T00:00			
xxxy	Male	412268	2012-12-08T00:00			
xxxy	Male	430535	2012-12-15T00:00			
xxxy	Male	427340	2012-12-20T00:00			
xxxy	Male	399563	2012-12-21T00:00			
xxxy	Male	415855	2012-12-28T00:00			
xxxy	Male	432981	2012-12-30T00:00			
xxxy	Male	224486	2011-02-05T00:00			
xxxy	Male	227879	2011-02-18T00:00			
xxxy	Male	224679	2011-03-11T00:00			
xxxy	Male	231409	2011-03-26T00:00			
xxxy	Male	240474	2011-04-08T00:00			
xxxy	Male	243433	2011-04-09T00:00			
xxxy	Male	248771	2011-04-23T00:00			
xxxy	Male	253927	2011-04-30T00:00			
xxxy	Male	256167	2011-05-04T00:00			
xxxy	Male	253178	2011-05-19T00:00			
xxxy	Male	255420	2011-06-02T00:00			
xxxy	Male	269736	2011-07-01T00:00			
xxxy	Male	271962	2011-07-21T00:00			
xxxy	Male	276532	2011-07-23T00:00			
xxxy	Male	270681	2011-07-29T00:00			
xxxy	Male	281235	2011-07-30T00:00			
xxxy	Male	251702	2011-08-04T00:00			
xxxy	Male	279759	2011-08-19T00:00			
xxxy	Male	283501	2011-09-17T00:00			
xxxy	Male	286510	2011-09-30T00:00			
xxxy	Male	278101	2011-10-08T00:00			
xxxy	Male	288824	2011-10-13T00:00			
xxxy	Male	290784	2011-10-15T00:00			
xxxy	Male	278103	2011-10-15T00:00			
xxxy	Male	295018	2011-10-21T00:00			
xxxy	Male	302182	2011-11-04T00:00			
xxxy	Male	278086	2011-11-18T00:00			
xxxy	Male	301574	2011-11-20T00:00			
xxxy	Male	278090	2011-12-02T00:00			
xxxy	Male	316104	2011-12-10T00:00			
xxxy	Male	317668	2011-12-10T00:00			
xxxy	Male	289815	2011-12-16T00:00			
xxxy	Male	299955	2011-12-17T00:00			
xxxy	Male	321774	2011-12-23T00:00			
xxxy	Male	310451	2011-12-31T00:00			
xxxy	Male	133394	2010-01-08T00:00			
xxxy	Male	139049	2010-01-30T00:00			
xxxy	Male	153302	2010-03-20T00:00			
xxxy	Male	147186	2010-03-22T00:00			
xxxy	Male	151053	2010-04-23T00:00			
xxxy	Male	154442	2010-05-08T00:00			
xxxy	Male	172619	2010-07-03T00:00			
xxxy	Male	192646	2010-10-30T00:00			
xxxy	Male	207051	2010-11-12T00:00			
xxxy	Male	202768	2010-11-16T00:00			
xxxy	Male	210377	2010-11-27T00:00			
xxxy	Male	206141	2010-12-03T00:00			
xxxy	Male	207587	2010-12-11T00:00			
xxxy	Male	107122	2009-07-11T00:00			
el chad	Male	859509	2016-07-17T00:00			
el chad	Male	869334	2016-08-27T00:00			
el chad	Male	875852	2016-09-22T00:00			
el chad	Male	906086	2016-12-03T00:00			
el chad	Male	905762	2016-12-04T00:00			
// [shsha]	Male	739242	2015-07-30T00:00			
// [shsha]	Male	749814	2015-08-28T00:00			
// [shsha]	Male	466853	2013-04-13T00:00			
// [shsha]	Male	490409	2013-06-15T00:00			
// [shsha]	Male	540219	2013-11-21T00:00			
// [shsha]	Male	541553	2013-11-24T00:00			
stevn.aint.leavn	Male	935266	2017-03-17T00:00			
stevn.aint.leavn	Male	954715	2017-04-07T00:00			
stevn.aint.leavn	Male	948512	2017-04-12T00:00			
stevn.aint.leavn	Male	966747	2017-05-19T00:00			
stevn.aint.leavn	Male	950662	2017-05-20T00:00			
stevn.aint.leavn	Male	969913	2017-05-27T00:00			
stevn.aint.leavn	Male	973297	2017-06-10T00:00			
stevn.aint.leavn	Male	976610	2017-06-24T00:00			
stevn.aint.leavn	Male	989528	2017-08-09T00:00			
stevn.aint.leavn	Male	1009125	2017-09-14T00:00			
stevn.aint.leavn	Male	1009617	2017-09-15T00:00			
stevn.aint.leavn	Male	1030270	2017-11-04T00:00			
stevn.aint.leavn	Male	1046592	2017-12-14T00:00			
stevn.aint.leavn	Male	1032841	2017-12-31T00:00			
stevn.aint.leavn	Male	756394	2016-01-01T00:00			
stevn.aint.leavn	Male	785909	2016-01-08T00:00			
stevn.aint.leavn	Male	786486	2016-01-22T00:00			
stevn.aint.leavn	Male	798667	2016-02-04T00:00			
stevn.aint.leavn	Male	800176	2016-02-26T00:00			
stevn.aint.leavn	Male	812579	2016-03-26T00:00			
stevn.aint.leavn	Male	820870	2016-04-15T00:00			
stevn.aint.leavn	Male	828783	2016-04-17T00:00			
stevn.aint.leavn	Male	825514	2016-04-29T00:00			
stevn.aint.leavn	Male	835451	2016-05-06T00:00			
stevn.aint.leavn	Male	838043	2016-05-29T00:00			
stevn.aint.leavn	Male	849896	2016-06-16T00:00			
stevn.aint.leavn	Male	843200	2016-06-17T00:00			
stevn.aint.leavn	Male	848024	2016-06-25T00:00			
stevn.aint.leavn	Male	838704	2016-07-23T00:00			
stevn.aint.leavn	Male	856952	2016-07-30T00:00			
stevn.aint.leavn	Male	863377	2016-08-12T00:00			
stevn.aint.leavn	Male	864011	2016-08-13T00:00			
stevn.aint.leavn	Male	859049	2016-08-13T00:00			
stevn.aint.leavn	Male	863383	2016-08-14T00:00			
stevn.aint.leavn	Male	871749	2016-09-16T00:00			
stevn.aint.leavn	Male	884225	2016-10-01T00:00			
stevn.aint.leavn	Male	840144	2016-10-14T00:00			
stevn.aint.leavn	Male	888609	2016-11-23T00:00			
stevn.aint.leavn	Male	899040	2016-12-10T00:00			
stevn.aint.leavn	Male	908227	2016-12-24T00:00			
stevn.aint.leavn	Male	667238	2015-01-10T00:00			
stevn.aint.leavn	Male	785899	2015-01-22T00:00			
stevn.aint.leavn	Male	673037	2015-02-20T00:00			
stevn.aint.leavn	Male	685930	2015-02-27T00:00			
stevn.aint.leavn	Male	683537	2015-03-07T00:00			
stevn.aint.leavn	Male	692890	2015-03-21T00:00			
stevn.aint.leavn	Male	688253	2015-03-27T00:00			
stevn.aint.leavn	Male	702422	2015-04-24T00:00			
stevn.aint.leavn	Male	708434	2015-05-06T00:00			
stevn.aint.leavn	Male	722418	2015-06-06T00:00			
stevn.aint.leavn	Male	722507	2015-06-06T00:00			
stevn.aint.leavn	Male	727658	2015-06-27T00:00			
stevn.aint.leavn	Male	732819	2015-07-24T00:00			
stevn.aint.leavn	Male	733987	2015-08-01T00:00			
stevn.aint.leavn	Male	740307	2015-08-19T00:00			
stevn.aint.leavn	Male	677903	2015-08-21T00:00			
stevn.aint.leavn	Male	744500	2015-09-04T00:00			
stevn.aint.leavn	Male	749884	2015-09-12T00:00			
stevn.aint.leavn	Male	749888	2015-09-13T00:00			
stevn.aint.leavn	Male	745912	2015-09-26T00:00			
stevn.aint.leavn	Male	763310	2015-10-24T00:00			
stevn.aint.leavn	Male	769792	2015-10-30T00:00			
stevn.aint.leavn	Male	781509	2015-12-12T00:00			
stevn.aint.leavn	Male	779143	2015-12-19T00:00			
stevn.aint.leavn	Male	775073	2015-12-31T00:00			
stevn.aint.leavn	Male	771309	2015-12-31T00:00			
stevn.aint.leavn	Male	784776	2015-12-31T00:00			
stevn.aint.leavn	Male	539137	2014-01-15T00:00			
stevn.aint.leavn	Male	577699	2014-04-18T00:00			
stevn.aint.leavn	Male	594941	2014-05-10T00:00			
stevn.aint.leavn	Male	593797	2014-05-22T00:00			
stevn.aint.leavn	Male	593239	2014-05-30T00:00			
stevn.aint.leavn	Male	595874	2014-06-13T00:00			
stevn.aint.leavn	Male	608359	2014-06-20T00:00			
stevn.aint.leavn	Male	613028	2014-07-22T00:00			
stevn.aint.leavn	Male	618663	2014-08-02T00:00			
stevn.aint.leavn	Male	624582	2014-08-15T00:00			
stevn.aint.leavn	Male	623785	2014-09-05T00:00			
stevn.aint.leavn	Male	636020	2014-09-20T00:00			
stevn.aint.leavn	Male	637029	2014-09-27T00:00			
stevn.aint.leavn	Male	651663	2014-11-14T00:00			
stevn.aint.leavn	Male	647234	2014-11-15T00:00			
stevn.aint.leavn	Male	647125	2014-12-11T00:00			
stevn.aint.leavn	Male	647127	2014-12-12T00:00			
stevn.aint.leavn	Male	651369	2014-12-20T00:00			
stevn.aint.leavn	Male	650484	2014-12-31T00:00			
stevn.aint.leavn	Male	439320	2013-01-19T00:00			
stevn.aint.leavn	Male	444916	2013-02-01T00:00			
stevn.aint.leavn	Male	454011	2013-02-22T00:00			
stevn.aint.leavn	Male	455681	2013-03-01T00:00			
stevn.aint.leavn	Male	464844	2013-03-31T00:00			
stevn.aint.leavn	Male	464119	2013-04-25T00:00			
stevn.aint.leavn	Male	571653	2013-04-25T00:00			
stevn.aint.leavn	Male	466495	2013-05-18T00:00			
stevn.aint.leavn	Male	495661	2013-07-05T00:00			
stevn.aint.leavn	Male	475262	2013-08-02T00:00			
stevn.aint.leavn	Male	448200	2013-08-09T00:00			
stevn.aint.leavn	Male	503565	2013-08-24T00:00			
stevn.aint.leavn	Male	515509	2013-09-20T00:00			
stevn.aint.leavn	Male	525831	2013-10-19T00:00			
stevn.aint.leavn	Male	542190	2013-12-31T00:00			
stevn.aint.leavn	Male	326922	2012-02-02T00:00			
stevn.aint.leavn	Male	331643	2012-02-03T00:00			
stevn.aint.leavn	Male	346806	2012-03-08T00:00			
stevn.aint.leavn	Male	362261	2012-05-01T00:00			
stevn.aint.leavn	Male	392297	2012-08-10T00:00			
stevn.aint.leavn	Male	395680	2012-08-18T00:00			
stevn.aint.leavn	Male	400472	2012-09-08T00:00			
stevn.aint.leavn	Male	407546	2012-10-19T00:00			
stevn.aint.leavn	Male	415762	2012-11-17T00:00			
stevn.aint.leavn	Male	425641	2012-11-23T00:00			
stevn.aint.leavn	Male	292590	2011-09-15T00:00			
stevn.aint.leavn	Male	290428	2011-09-23T00:00			
stevn.aint.leavn	Male	296844	2011-10-03T00:00			
stevn.aint.leavn	Male	307538	2011-11-10T00:00			
stevn.aint.leavn	Male	313737	2011-12-30T00:00			
smog [oqko]	Male	1004037	2017-09-23T00:00			
smog [oqko]	Male	1048570	2017-12-31T00:00			
be.lanuit	Male	910124	2017-01-22T00:00			
be.lanuit	Male	967455	2017-05-13T00:00			
be.lanuit	Male	976657	2017-06-02T00:00			
be.lanuit	Male	989126	2017-07-16T00:00			
be.lanuit	Male	985828	2017-07-21T00:00			
be.lanuit	Male	994421	2017-07-22T00:00			
be.lanuit	Male	992635	2017-07-23T00:00			
be.lanuit	Male	1026683	2017-10-21T00:00			
be.lanuit	Male	1038885	2017-11-25T00:00			
be.lanuit	Male	1039886	2017-11-25T00:00			
be.lanuit	Male	1052316	2017-12-29T00:00			
be.lanuit	Male	805542	2016-02-21T00:00			
be.lanuit	Male	817155	2016-03-20T00:00			
be.lanuit	Male	832594	2016-04-29T00:00			
be.lanuit	Male	837515	2016-05-28T00:00			
be.lanuit	Male	821128	2016-05-29T00:00			
be.lanuit	Male	866229	2016-08-13T00:00			
be.lanuit	Male	864351	2016-08-21T00:00			
be.lanuit	Male	873941	2016-09-15T00:00			
be.lanuit	Male	891425	2016-10-14T00:00			
be.lanuit	Male	896026	2016-10-28T00:00			
be.lanuit	Male	894969	2016-10-30T00:00			
be.lanuit	Male	673055	2015-01-17T00:00			
be.lanuit	Male	674163	2015-01-18T00:00			
be.lanuit	Male	683462	2015-02-14T00:00			
be.lanuit	Male	687507	2015-02-20T00:00			
be.lanuit	Male	687525	2015-02-21T00:00			
be.lanuit	Male	692652	2015-03-06T00:00			
be.lanuit	Male	692662	2015-03-07T00:00			
be.lanuit	Male	710533	2015-04-26T00:00			
be.lanuit	Male	722809	2015-06-04T00:00			
be.lanuit	Male	733854	2015-07-11T00:00			
be.lanuit	Male	753245	2015-09-12T00:00			
be.lanuit	Male	770736	2015-11-01T00:00			
be.lanuit	Male	773430	2015-11-14T00:00			
be.lanuit	Male	770249	2015-11-21T00:00			
be.lanuit	Male	782396	2015-12-12T00:00			
be.lanuit	Male	785316	2015-12-12T00:00			
be.lanuit	Male	558928	2014-01-24T00:00			
be.lanuit	Male	608165	2014-06-28T00:00			
be.lanuit	Male	637613	2014-09-18T00:00			
be.lanuit	Male	639884	2014-10-03T00:00			
be.lanuit	Male	653294	2014-11-08T00:00			
be.lanuit	Male	655708	2014-11-16T00:00			
be.lanuit	Male	657603	2014-11-27T00:00			
be.lanuit	Male	662695	2014-12-11T00:00			
be.lanuit	Male	435369	2013-01-01T00:00			
be.lanuit	Male	372382	2012-05-26T00:00			
be.lanuit	Male	379283	2012-06-16T00:00			
be.lanuit	Male	396391	2012-08-16T00:00			
be.lanuit	Male	221296	2011-01-15T00:00			
be.lanuit	Male	221308	2011-01-29T00:00			
be.lanuit	Male	230723	2011-02-12T00:00			
be.lanuit	Male	238187	2011-03-05T00:00			
be.lanuit	Male	245640	2011-04-08T00:00			
be.lanuit	Male	256371	2011-05-06T00:00			
be.lanuit	Male	271464	2011-07-07T00:00			
be.lanuit	Male	277556	2011-07-21T00:00			
be.lanuit	Male	297490	2011-10-27T00:00			
be.lanuit	Male	136992	2010-01-17T00:00			
be.lanuit	Male	144032	2010-02-04T00:00			
be.lanuit	Male	179482	2010-08-14T00:00			
be.lanuit	Male	179483	2010-08-21T00:00			
be.lanuit	Male	196439	2010-09-09T00:00			
be.lanuit	Male	198083	2010-10-09T00:00			
be.lanuit	Male	196696	2010-10-10T00:00			
be.lanuit	Male	202537	2010-11-04T00:00			
be.lanuit	Male	217440	2010-12-25T00:00			
be.lanuit	Male	73265	2009-01-01T00:00			
be.lanuit	Male	842258	2009-06-25T00:00			
be.lanuit	Male	116742	2009-09-12T00:00			
be.lanuit	Male	116744	2009-09-19T00:00			
be.lanuit	Male	135561	2009-12-24T00:00			
be.lanuit	Male	49129	2008-04-04T00:00			
be.lanuit	Male	73817	2008-11-30T00:00			
i/dex	Male	796350	2016-01-22T00:00			
i/dex	Male	885654	2016-11-04T00:00			
i/dex	Male	906308	2016-11-26T00:00			
i/dex	Male	710797	2015-05-22T00:00			
i/dex	Male	490896	2013-05-31T00:00			
i/dex	Male	458357	2013-07-25T00:00			
i/dex	Male	357632	2012-04-06T00:00			
i/dex	Male	267380	2011-10-09T00:00			
i/dex	Male	123100	2009-10-17T00:00			
mister leonard	Male	114842	2009-08-27T00:00			
mister leonard	Male	43808	2008-02-27T00:00			
loftmind	Male	700639	2015-04-17T00:00			
loftmind	Male	629588	2014-09-05T00:00			
loftmind	Male	623410	2014-10-04T00:00			
loftmind	Male	642695	2014-10-17T00:00			
loftmind	Male	440231	2013-02-09T00:00			
loftmind	Male	456863	2013-03-09T00:00			
loftmind	Male	468391	2013-04-13T00:00			
loftmind	Male	501262	2013-08-24T00:00			
51717	Female	945412	2017-03-11T00:00			
51717	Female	944004	2017-03-16T00:00			
51717	Female	964973	2017-05-29T00:00			
51717	Female	949271	2017-07-14T00:00			
51717	Female	995746	2017-08-18T00:00			
51717	Female	1052271	2017-12-23T00:00			
51717	Female	802506	2016-02-26T00:00			
51717	Female	840451	2016-08-26T00:00			
51717	Female	898290	2016-11-05T00:00			
51717	Female	910985	2016-12-16T00:00			
51717	Female	668382	2015-01-24T00:00			
51717	Female	705324	2015-05-15T00:00			
51717	Female	723354	2015-09-11T00:00			
51717	Female	755190	2015-10-03T00:00			
51717	Female	774747	2015-11-20T00:00			
51717	Female	562428	2014-03-01T00:00			
51717	Female	612547	2014-07-27T00:00			
51717	Female	623384	2014-08-15T00:00			
51717	Female	651547	2014-11-01T00:00			
51717	Female	511484	2013-08-28T00:00			
51717	Female	394836	2012-08-11T00:00			
caruana	Female	909929	2017-01-28T00:00			
caruana	Female	920227	2017-02-11T00:00			
caruana	Female	953000	2017-04-02T00:00			
caruana	Female	979009	2017-07-01T00:00			
caruana	Female	1003809	2017-09-23T00:00			
caruana	Female	977495	2017-09-29T00:00			
caruana	Female	1016062	2017-10-31T00:00			
caruana	Female	1016654	2017-11-11T00:00			
caruana	Female	794517	2016-01-30T00:00			
caruana	Female	794525	2016-02-13T00:00			
caruana	Female	813069	2016-03-05T00:00			
caruana	Female	804512	2016-03-12T00:00			
caruana	Female	820700	2016-03-26T00:00			
caruana	Female	806741	2016-05-07T00:00			
caruana	Female	836979	2016-06-04T00:00			
caruana	Female	856609	2016-07-30T00:00			
caruana	Female	819360	2016-09-09T00:00			
caruana	Female	887212	2016-10-29T00:00			
caruana	Female	883060	2016-11-19T00:00			
caruana	Female	883071	2016-12-17T00:00			
caruana	Female	725344	2015-07-11T00:00			
caruana	Female	735606	2015-08-08T00:00			
caruana	Female	749684	2015-10-24T00:00			
caruana	Female	752171	2015-11-07T00:00			
ionnalee	Female	940098	2017-06-16T00:00			
kyla	Female	1131207	2018-07-09T00:00			
kyla	Female	863651	2016-09-10T00:00			
sarasara	Female	910696	2017-01-21T00:00			
sarasara	Female	896739	2016-11-21T00:00			
sarasara	Female	897567	2016-11-17T00:00			
sarasara	Female	876394	2016-10-01T00:00			
vivi	Female	996025	2017-08-18T00:00			
vivi	Female	1010425	2017-09-15T00:00			
vivi	Female	358909	2012-04-13T00:00			
vivi	Female	218555	2011-01-02T00:00			
vivi	Female	143123	2010-02-07T00:00			
vivi	Female	145771	2010-03-14T00:00			
vivi	Female	79890	2009-01-31T00:00			
wants	Female	942169	2017-03-17T00:00			
wants	Female	997033	2017-08-02T00:00			
wants	Female	1033253	2017-11-17T00:00			
wants	Female	816595	2016-03-12T00:00			
wants	Female	816705	2016-04-30T00:00			
wants	Female	848288	2016-07-08T00:00			
wants	Female	866939	2016-09-30T00:00			
wants	Female	907204	2016-12-09T00:00			
wants	Female	699705	2015-04-11T00:00			
wants	Female	709669	2015-05-30T00:00			
wants	Female	709672	2015-06-10T00:00			
wants	Female	706108	2015-06-23T00:00			
wants	Female	728054	2015-06-27T00:00			
wants	Female	709159	2015-07-24T00:00			
wants	Female	780055	2015-10-23T00:00			
wants	Female	765671	2015-11-13T00:00			
wants	Female	780053	2015-11-14T00:00			
wants	Female	560702	2014-01-31T00:00			
wants	Female	567711	2014-03-01T00:00			
wants	Female	562559	2014-03-07T00:00			
wants	Female	583265	2014-04-04T00:00			
wants	Female	598166	2014-05-23T00:00			
wants	Female	615643	2014-07-11T00:00			
wants	Female	625891	2014-08-22T00:00			
wants	Female	645461	2014-10-17T00:00			
wants	Female	644254	2014-10-24T00:00			
wants	Female	650923	2014-11-07T00:00			
wants	Female	653223	2014-11-15T00:00			
wants	Female	668078	2014-12-31T00:00			
